"url","url_self_link","title","publication_date","update_date","share_fb_like","share_fb_share","share_googleplus","share_twitter","share_others","article_language","lesbahet","news_bureau","external_links","internal_links","word_count","line_count","char_count","factbox","comment_fields","comment_number","interactive_elements","poll","game","video_files","video_files_nrk","flash_file","image_collection","images","related_stories","related_stories_box_thematic","related_stories_box_les","map","regional_office","program_related","main_news_category","iframe","css","js","template"
"http://www.nrk.no/verden/beklager-tolketabbe-overfor-dove-1.11416327","http://www.nrk.no/verden/1.11416327","Regjeringen beklager tolketabbe overfor døve","2013-12-13 12:59:09",NULL,0,2,2,2,0,"no",52.3492,NULL,0,4,395,17,2401,1,0,0,10,NULL,NULL,0,2,0,0,2,10,7,3,0,"NA","NA","Verden",0,181178,22592,"ny2013"
"http://www.nrk.no/nordnytt/far-ikke-forlate-russland-1.11416012","http://www.nrk.no/nordnytt/1.11416012","Får ikke forlate Russland","2013-12-13 11:24:12","2013-12-13 11:26:36",0,2,2,2,0,"no",46.0156,NULL,0,6,404,19,2404,0,0,0,8,NULL,NULL,0,0,0,0,1,9,6,3,0,"NRK Troms og Finnmark","NA","NA",0,181178,20887,"ny2013"
"http://www.nrk.no/trondelag/ulmebrann-pa-mollenberg-1.11416345","http://www.nrk.no/trondelag/1.11416345","– Gnistene slo – så hørte vi flammer inne i veggen","2013-12-13 12:43:04","2013-12-13 14:07:38",0,2,2,2,0,"no",35.5,NULL,0,0,400,32,2240,0,0,0,9,NULL,NULL,0,1,0,0,4,9,6,3,0,"NRK Trøndelag","NA","NA",0,181178,22166,"ny2013"
"http://www.nrk.no/trondelag/_-jeg-har-aldri-opplevd-makan-1.11416007","http://www.nrk.no/trondelag/1.11416007","– Jeg har aldri opplevd makan","2013-12-13 12:11:01","2013-12-13 12:21:50",0,2,2,2,0,"no",41.7566,NULL,0,1,913,45,4775,0,0,0,9,NULL,NULL,0,0,0,1,40,9,6,3,0,"NRK Trøndelag","NA","NA",0,181178,26401,"ny2013"
"http://www.nrk.no/trondelag/anmelder-marine-harvest-1.11416087","http://www.nrk.no/trondelag/1.11416087","Anmelder Marine Harvest - NRK – Trøndelag","2013-12-13 12:50:09",NULL,0,1,1,1,0,"no",55.3077,NULL,0,0,26,2,187,0,0,0,4,NULL,NULL,0,0,0,0,0,6,6,0,0,"NRK Trøndelag","NA","NA",0,181178,20880,"nrk_alfa"
"http://www.nrk.no/trondelag/brannen-er-en-ulmebrann-1.11416336","http://www.nrk.no/trondelag/1.11416336","Brannen er en ulmebrann - NRK – Trøndelag","2013-12-13 12:41:10",NULL,0,1,1,1,0,"nb",58.1765,NULL,0,0,17,1,114,0,0,0,4,NULL,NULL,0,0,0,0,0,6,6,0,0,"NRK Trøndelag","NA","NA",0,181178,20880,"nrk_alfa"
"http://www.nrk.no/trondelag/det-brenner-pa-mollenberg-1.11416330","http://www.nrk.no/trondelag/1.11416330","Det brenner på Møllenberg - NRK – Trøndelag","2013-12-13 12:39:35",NULL,0,1,1,1,0,"no",40,NULL,0,0,20,1,104,0,0,0,4,NULL,NULL,0,0,0,0,0,6,6,0,0,"NRK Trøndelag","NA","NA",0,181178,20880,"nrk_alfa"
"http://www.nrk.no/trondelag/8-000-stromlose-i-sor-trondelag-1.11415959","http://www.nrk.no/trondelag/1.11415959","8 000 strømløse i Sør-Trøndelag - NRK – Trøndelag","2013-12-13 13:06:33",NULL,0,1,1,1,0,"no",36.6577,NULL,0,0,37,3,236,0,0,0,4,NULL,NULL,0,0,0,0,0,6,6,0,0,"NRK Trøndelag","NA","NA",0,181178,21278,"nrk_alfa"
"http://www.nrk.no/trondelag/stor-aktivitet-pa-kvaerner-verdal-1.11416377","http://www.nrk.no/trondelag/1.11416377","Stor aktivitet på Kværner Verdal - NRK – Trøndelag","2013-12-13 12:52:35",NULL,0,1,1,1,0,"no",40.1216,NULL,0,0,37,2,202,0,0,0,4,NULL,NULL,0,0,0,0,0,6,6,0,0,"NRK Trøndelag","NA","NA",0,181178,20880,"nrk_alfa"
"http://www.nrk.no/trondelag/1.11415959","http://www.nrk.no/trondelag/1.11415959","8 000 strømløse i Sør-Trøndelag - NRK – Trøndelag","2013-12-13 13:06:33",NULL,0,1,1,1,0,"no",36.6577,NULL,0,0,37,3,236,0,0,0,4,NULL,NULL,0,0,0,0,0,6,6,0,0,"NRK Trøndelag","NA","NA",0,181178,21278,"nrk_alfa"
"http://www.nrk.no/trondelag/1.11416377","http://www.nrk.no/trondelag/1.11416377","Stor aktivitet på Kværner Verdal - NRK – Trøndelag","2013-12-13 12:52:35",NULL,0,1,1,1,0,"no",40.1216,NULL,0,0,37,2,202,0,0,0,4,NULL,NULL,0,0,0,0,0,6,6,0,0,"NRK Trøndelag","NA","NA",0,181178,20880,"nrk_alfa"
"http://www.nrk.no/trondelag/1.11416087","http://www.nrk.no/trondelag/1.11416087","Anmelder Marine Harvest - NRK – Trøndelag","2013-12-13 12:50:09",NULL,0,1,1,1,0,"no",55.3077,NULL,0,0,26,2,187,0,0,0,4,NULL,NULL,0,0,0,0,0,6,6,0,0,"NRK Trøndelag","NA","NA",0,181178,20880,"nrk_alfa"
"http://www.nrk.no/trondelag/1.11416336","http://www.nrk.no/trondelag/1.11416336","Brannen er en ulmebrann - NRK – Trøndelag","2013-12-13 12:41:10",NULL,0,1,1,1,0,"nb",58.1765,NULL,0,0,17,1,114,0,0,0,4,NULL,NULL,0,0,0,0,0,6,6,0,0,"NRK Trøndelag","NA","NA",0,181178,20880,"nrk_alfa"
"http://www.nrk.no/trondelag/1.11416330","http://www.nrk.no/trondelag/1.11416330","Det brenner på Møllenberg - NRK – Trøndelag","2013-12-13 12:39:35",NULL,0,1,1,1,0,"no",40,NULL,0,0,20,1,104,0,0,0,4,NULL,NULL,0,0,0,0,0,6,6,0,0,"NRK Trøndelag","NA","NA",0,181178,20880,"nrk_alfa"
"http://www.nrk.no/hordaland/hapar-pa-tilskudd-til-sykkel-vm-1.11416307","http://www.nrk.no/hordaland/1.11416307","Håpar på tilskudd til sykkel-VM","2013-12-13 12:41:05","2013-12-13 12:57:09",0,2,2,2,0,"nn",45.515,NULL,0,1,352,19,2091,0,0,0,9,NULL,NULL,0,1,0,0,2,6,6,0,0,"NRK Hordaland","NA","NA",0,181178,21875,"ny2013"
"http://www.nrk.no/sport/1.11416222","http://www.nrk.no/sport/1.11416222","Fotballjentene hopper på rankingen - Sport","2013-12-13 12:43:15",NULL,0,1,1,1,0,"no",45.374,NULL,1,0,41,3,287,0,0,0,4,NULL,NULL,0,0,0,0,0,0,0,0,0,"NA","NA","Sport",0,183190,19378,"nrk_alfa"
"http://www.nrk.no/sorlandet/--iveland-overlever-ikke-1.11416315","http://www.nrk.no/sorlandet/1.11416315","– Iveland overlever ikke som egen kommune","2013-12-13 12:34:55",NULL,0,2,2,2,0,"no",48.7442,NULL,0,0,199,11,1157,0,0,0,8,NULL,NULL,0,0,0,0,1,9,9,0,0,"NRK Sørlandet","NA","NA",0,181178,21765,"ny2013"
"http://www.nrk.no/nyheter/1.11415996","http://www.nrk.no/nyheter/1.11415996","DIREKTE: Kai Eide møter pressen i Kongo - NRK Nyheter","2013-12-13 12:29:33",NULL,0,1,1,1,0,"no",36.5,NULL,0,0,25,2,146,0,0,0,5,NULL,NULL,0,1,0,0,1,3,3,0,0,"NA","NA","NA",0,184903,24886,"nrk_alfa"
"http://www.nrk.no/sorlandet/verner-skog-1.11416406","http://www.nrk.no/sorlandet/1.11416406","Verner skog - NRK – Sørlandet","2013-12-13 12:59:52",NULL,0,1,1,1,0,"no",37.4444,NULL,0,0,36,2,204,0,0,0,4,NULL,NULL,0,0,0,0,0,9,9,0,0,"NRK Sørlandet","NA","NA",0,181178,21436,"nrk_alfa"
"http://www.nrk.no/sorlandet/advarer-mot-glatte-veier-1.11416271","http://www.nrk.no/sorlandet/1.11416271","Advarer mot glatte veier - NRK – Sørlandet","2013-12-13 12:54:09",NULL,0,1,1,1,0,"nb",31.8571,NULL,0,0,28,2,158,0,0,0,4,NULL,NULL,0,0,0,0,0,9,9,0,0,"NRK Sørlandet","NA","NA",0,181178,21436,"nrk_alfa"
"http://www.nrk.no/sorlandet/27-mister-jobben-1.11416394","http://www.nrk.no/sorlandet/1.11416394","27 mister jobben - NRK – Sørlandet","2013-12-13 13:09:24",NULL,0,1,1,1,0,"no",44.2456,NULL,0,0,38,3,260,0,0,0,4,NULL,NULL,0,0,0,0,0,9,9,0,0,"NRK Sørlandet","NA","NA",0,181178,21436,"nrk_alfa"
"http://www.nrk.no/sorlandet/1.11416394","http://www.nrk.no/sorlandet/1.11416394","27 mister jobben - NRK – Sørlandet","2013-12-13 13:09:24",NULL,0,1,1,1,0,"no",44.2456,NULL,0,0,38,3,260,0,0,0,4,NULL,NULL,0,0,0,0,0,9,9,0,0,"NRK Sørlandet","NA","NA",0,181178,21436,"nrk_alfa"
"http://www.nrk.no/sorlandet/1.11416406","http://www.nrk.no/sorlandet/1.11416406","Verner skog - NRK – Sørlandet","2013-12-13 12:59:52",NULL,0,1,1,1,0,"no",37.4444,NULL,0,0,36,2,204,0,0,0,4,NULL,NULL,0,0,0,0,0,9,9,0,0,"NRK Sørlandet","NA","NA",0,181178,21436,"nrk_alfa"
"http://www.nrk.no/sorlandet/1.11416271","http://www.nrk.no/sorlandet/1.11416271","Advarer mot glatte veier - NRK – Sørlandet","2013-12-13 12:54:09",NULL,0,1,1,1,0,"nb",31.8571,NULL,0,0,28,2,158,0,0,0,4,NULL,NULL,0,0,0,0,0,9,9,0,0,"NRK Sørlandet","NA","NA",0,181178,21436,"nrk_alfa"
"http://www.nrk.no/sognogfjordane/sag-eldkule-pa-himmelen-1.11416179","http://www.nrk.no/sognogfjordane/1.11416179","Var på veg til jobb - då kom ei eldkule susande over himmelen...","2013-12-13 12:15:43",NULL,0,2,2,2,0,"nn",33.3097,NULL,0,8,802,42,4138,0,0,0,8,NULL,NULL,0,0,0,0,2,6,6,0,0,"NRK Sogn og Fjordane","NA","NA",0,181178,21772,"ny2013"
"http://www.nrk.no/rogaland/150-i-erstatningsko-1.11416167","http://www.nrk.no/rogaland/1.11416167","150 i erstatningskø - NRK – Rogaland","2013-12-13 12:57:01",NULL,0,1,1,1,0,"no",47.2547,NULL,0,1,53,2,329,0,0,0,4,NULL,NULL,0,0,0,0,0,3,3,0,0,"NRK Rogaland","NA","NA",0,181178,19823,"nrk_alfa"
"http://www.nrk.no/rogaland/1.11416167","http://www.nrk.no/rogaland/1.11416167","150 i erstatningskø - NRK – Rogaland","2013-12-13 12:57:01",NULL,0,1,1,1,0,"no",47.2547,NULL,0,1,53,2,329,0,0,0,4,NULL,NULL,0,0,0,0,0,3,3,0,0,"NRK Rogaland","NA","NA",0,181178,19823,"nrk_alfa"
"http://www.nrk.no/ostlandssendingen/mest-ulovlige-arbeidsforhold-i-oslo-1.11411196","http://www.nrk.no/ostlandssendingen/1.11411196","Snytes for lønn, trues og jobber uten kontrakt","2013-12-13 12:36:56","2013-12-13 13:08:44",0,2,2,2,0,"no",42.9138,NULL,0,8,994,45,5595,1,0,0,8,NULL,NULL,0,0,0,0,2,15,6,9,0,"NRK Østlandssendingen","NA","NA",0,181178,22158,"ny2013"
"http://www.nrk.no/ostlandssendingen/stengt-mellom-okernrysset-og-sinsen-1.11416353","http://www.nrk.no/ostlandssendingen/1.11416353","Stengt mellom Økernrysset og Sinsen - NRK – Østlandssendingen","2013-12-13 12:46:03",NULL,0,1,1,1,0,"no",34.6667,NULL,0,0,36,2,222,0,0,0,4,NULL,NULL,0,0,0,0,0,6,6,0,0,"NRK Østlandssendingen","NA","NA",0,181178,20388,"nrk_alfa"
"http://www.nrk.no/ostfold/verner-flere-skogsomrader-1.11416316","http://www.nrk.no/ostfold/1.11416316","Verner flere skogsområder","2013-12-13 12:50:48",NULL,0,2,2,2,0,"no",46.1986,NULL,1,0,441,31,2836,0,0,0,8,NULL,NULL,0,0,0,0,1,9,6,3,0,"NRK Østfold","NA","NA",0,181178,21191,"ny2013"
"http://www.nrk.no/ostfold/beslagla-13-liter-brennevin-1.11416290","http://www.nrk.no/ostfold/1.11416290","Beslagla 13 liter brennevin - Østfold","2013-12-13 12:59:40",NULL,0,1,1,1,0,"no",37.9118,NULL,0,0,34,4,197,0,0,0,4,NULL,NULL,0,0,0,0,0,6,6,0,0,"NRK Østfold","NA","NA",0,181178,20620,"nrk_alfa"
"http://www.nrk.no/ostfold/domt-etter-trafikkulykke-1.11416300","http://www.nrk.no/ostfold/1.11416300","Dømt etter trafikkulykke - Østfold","2013-12-13 12:22:42",NULL,0,1,1,1,0,"no",40.2222,NULL,0,0,72,4,394,0,0,0,4,NULL,NULL,0,0,0,0,0,6,6,0,0,"NRK Østfold","NA","NA",0,181178,20620,"nrk_alfa"
"http://www.nrk.no/ostfold/trafikken-ledes-inn-pa-gamle-e6-1.11416289","http://www.nrk.no/ostfold/1.11416289","Trafikken ledes inn på gamle E6 - Østfold","2013-12-13 12:16:04",NULL,0,1,1,1,0,"no",31.2523,NULL,0,0,37,3,200,0,0,0,4,NULL,NULL,0,0,0,0,0,6,6,0,0,"NRK Østfold","NA","NA",0,181178,20620,"nrk_alfa"
"http://www.nrk.no/ostfold/1.11416290","http://www.nrk.no/ostfold/1.11416290","Beslagla 13 liter brennevin - Østfold","2013-12-13 12:59:40",NULL,0,1,1,1,0,"no",37.9118,NULL,0,0,34,4,197,0,0,0,4,NULL,NULL,0,0,0,0,0,6,6,0,0,"NRK Østfold","NA","NA",0,181178,20620,"nrk_alfa"
"http://www.nrk.no/ostfold/1.11416300","http://www.nrk.no/ostfold/1.11416300","Dømt etter trafikkulykke - Østfold","2013-12-13 12:22:42",NULL,0,1,1,1,0,"no",40.2222,NULL,0,0,72,4,394,0,0,0,4,NULL,NULL,0,0,0,0,0,6,6,0,0,"NRK Østfold","NA","NA",0,181178,20620,"nrk_alfa"
"http://www.nrk.no/ostfold/1.11416289","http://www.nrk.no/ostfold/1.11416289","Trafikken ledes inn på gamle E6 - Østfold","2013-12-13 12:16:04",NULL,0,1,1,1,0,"no",31.2523,NULL,0,0,37,3,200,0,0,0,4,NULL,NULL,0,0,0,0,0,6,6,0,0,"NRK Østfold","NA","NA",0,181178,20620,"nrk_alfa"
"http://www.nrk.no/telemark/kristin-halvorsen-skal-lede-nemnd-1.11416416","http://www.nrk.no/telemark/1.11416416","Kristin Halvorsen skal lede nemnd - Telemark","2013-12-13 13:05:30",NULL,0,1,1,1,0,"no",48.8974,NULL,0,0,39,3,281,0,0,0,4,NULL,NULL,0,0,0,0,0,6,6,0,0,"NA","NA","NA",0,181178,20379,"nrk_alfa"
"http://www.nrk.no/telemark/1.11416416","http://www.nrk.no/telemark/1.11416416","Kristin Halvorsen skal lede nemnd - Telemark","2013-12-13 13:05:30",NULL,0,1,1,1,0,"no",48.8974,NULL,0,0,39,3,281,0,0,0,4,NULL,NULL,0,0,0,0,0,6,6,0,0,"NA","NA","NA",0,181178,20379,"nrk_alfa"
"http://www.nrk.no/nyheter/norge/1.11415879","http://www.nrk.no/norge/1.11415879","Nav snur om enkepensjonen: Alle får det de har krav på","2013-12-13 12:34:47","2013-12-13 19:54:53",0,2,2,2,0,"no",41.0278,NULL,0,6,1071,50,5971,1,0,0,9,NULL,NULL,0,1,0,0,6,6,0,6,0,"NRK Norge","NA","Norge",0,181178,22128,"ny2013"
"http://www.nrk.no/nyheter/norge/1.11416228","http://www.nrk.no/norge/1.11416228","– Helt fantastisk å få slikt gjennomslag","2013-12-13 12:34:37",NULL,0,2,2,2,0,"no",35.902,NULL,0,0,654,34,3576,1,0,0,8,NULL,NULL,0,0,0,0,4,3,0,3,0,"NRK Norge","NA","Norge",0,181178,21171,"ny2013"
"http://www.nrk.no/nyheter/verden/1.11415617","http://www.nrk.no/verden/1.11415617","– French har full støtte frå Noreg","2013-12-13 12:33:12","2013-12-13 13:21:42",0,2,2,2,0,"nn",42.741,NULL,0,5,592,24,3338,1,0,0,10,NULL,NULL,0,2,0,0,5,10,7,3,0,"NA","NA","Verden",0,181178,23076,"ny2013"
"http://www.nrk.no/nyheter/distrikt/troms_og_finnmark/1.11416012","http://www.nrk.no/nordnytt/1.11416012","Får ikke forlate Russland","2013-12-13 11:24:12","2013-12-13 11:26:36",0,2,2,2,0,"no",46.0156,NULL,0,6,404,19,2404,0,0,0,8,NULL,NULL,0,0,0,0,1,9,6,3,0,"NA","NA","Distrikt",0,181178,20887,"ny2013"
"http://www.nrk.no/nyheter/verden/1.11416327","http://www.nrk.no/verden/1.11416327","Regjeringen beklager tolketabbe overfor døve","2013-12-13 12:59:09",NULL,0,2,2,2,0,"no",52.3492,NULL,0,4,395,17,2401,1,0,0,10,NULL,NULL,0,2,0,0,2,10,7,3,0,"NA","NA","Verden",0,181178,22592,"ny2013"
"http://www.nrk.no/ho/nekter-for-at-hun-var-med-pa-ran-1.11415954","http://www.nrk.no/ho/1.11415954","Tror han utførte ranet, men husker ingenting","2013-12-13 12:37:45","2013-12-13 15:21:43",0,2,2,2,0,"no",40.549,NULL,0,3,562,31,3169,0,0,0,9,NULL,NULL,0,1,0,0,6,4,4,0,0,"NRK Hedmark og Oppland","NA","NA",0,181178,21119,"ny2013"
"http://www.nrk.no/nordnytt/legger-ned-distriktsarbeidsplasser-1.11416158","http://www.nrk.no/nordnytt/1.11416158","Beskylder Venstre for løgn","2013-12-13 13:04:45","2013-12-13 15:50:15",0,2,2,2,0,"no",39.9822,NULL,0,0,509,33,3060,0,0,0,8,NULL,NULL,0,0,0,0,2,6,6,0,0,"NRK Troms og Finnmark","NA","NA",0,181178,20645,"ny2013"
"http://www.nrk.no/nordnytt/hor-jardar-synge-julelat-1.11415874","http://www.nrk.no/nordnytt/1.11415874","Sangfugl tør ikke dra hjem til spysykt barn","2013-12-13 12:05:41","2013-12-13 12:31:45",0,2,2,2,0,"no",41.7707,NULL,0,4,453,23,2495,0,0,0,9,NULL,NULL,0,1,0,0,2,6,6,0,0,"NRK Troms og Finnmark","NA","NA",0,181178,20997,"ny2013"
"http://www.nrk.no/verden/kai-eide-har-besokt-french-i-kongo-1.11415617","http://www.nrk.no/verden/1.11415617","– French har full støtte frå Noreg","2013-12-13 12:33:12","2013-12-13 13:21:42",0,2,2,2,0,"nn",42.741,NULL,0,5,592,24,3338,1,0,0,10,NULL,NULL,0,2,0,0,5,10,7,3,0,"NA","NA","Verden",0,181178,23076,"ny2013"
"http://www.nrk.no/nyheter/flere-moter-med-kongo-myndigheter-i-dag-1.11416241","http://www.nrk.no/nyheter/1.11416241","Flere møter med Kongo-myndigheter i dag - NRK Nyheter","2013-12-13 13:03:35",NULL,0,1,1,1,0,"no",37.875,NULL,0,0,32,2,199,0,0,0,4,NULL,NULL,0,0,0,0,0,3,3,0,0,"NA","NA","NA",0,184903,24534,"nrk_alfa"
"http://www.nrk.no/nyheter/1.11416373","http://www.nrk.no/nyheter/1.11416373","NRK Nyheter","2013-12-13 13:00:35",NULL,0,1,1,1,0,"nb",58,NULL,0,1,8,1,57,0,0,0,5,NULL,NULL,0,1,0,0,1,3,3,0,0,"NA","NA","NA",0,184903,24257,"nrk_alfa"
"http://www.nrk.no/nyheter/1.11416399","http://www.nrk.no/nyheter/1.11416399","NRK Nyheter","2013-12-13 12:58:00",NULL,0,1,1,1,0,"no",21.1429,NULL,0,1,14,1,67,0,0,0,4,NULL,NULL,0,0,0,0,1,3,3,0,0,"NA","NA","NA",0,184903,24257,"nrk_alfa"
"http://www.nrk.no/nyheter/--ud-gjor-det-vi-kan-1.11416388","http://www.nrk.no/nyheter/1.11416388","- UD gjør det vi kan - NRK Nyheter","2013-12-13 12:55:14",NULL,0,1,1,1,0,"no",34.8846,NULL,0,0,39,2,217,0,0,0,4,NULL,NULL,0,0,0,0,0,3,3,0,0,"NA","NA","NA",0,184903,24534,"nrk_alfa"
"http://www.nrk.no/nyheter/--lang-og-god-samtale-med-french-1.11416352","http://www.nrk.no/nyheter/1.11416352","- Lang og god samtale med French - NRK Nyheter","2013-12-13 12:51:34",NULL,0,1,1,1,0,"no",39.2255,NULL,0,0,51,2,261,0,0,0,4,NULL,NULL,0,0,0,0,1,3,3,0,0,"NA","NA","NA",0,184903,24655,"nrk_alfa"
"http://www.nrk.no/nyheter/bankene-er-bedre-rustet-1.11416326","http://www.nrk.no/nyheter/1.11416326","Bankene er bedre rustet - NRK Nyheter","2013-12-13 12:47:26",NULL,0,1,1,1,0,"no",45,NULL,0,0,50,2,277,0,0,0,4,NULL,NULL,0,0,0,0,0,3,3,0,0,"NA","NA","NA",0,184903,24136,"nrk_alfa"
"http://www.nrk.no/nyheter/1.11416346","http://www.nrk.no/nyheter/1.11416346","NRK Nyheter","2013-12-13 12:42:47",NULL,0,1,1,1,0,"no",20.5,NULL,0,1,8,1,46,0,0,0,4,NULL,NULL,0,0,0,0,1,3,3,0,0,"NA","NA","NA",0,184903,24257,"nrk_alfa"
"http://www.nrk.no/nyheter/1.11416299","http://www.nrk.no/nyheter/1.11416299","NRK Nyheter","2013-12-13 12:42:01",NULL,0,1,1,1,0,"nb",30,NULL,0,1,10,1,57,0,0,0,4,NULL,NULL,0,0,0,0,1,3,3,0,0,"NA","NA","NA",0,184903,24257,"nrk_alfa"
"http://www.nrk.no/nyheter/taus-naeringsminister-om-rema-og-coop-1.11416201","http://www.nrk.no/nyheter/1.11416201","Taus næringsminister om Rema og Coop - NRK Nyheter","2013-12-13 12:33:51",NULL,0,1,1,1,0,"no",55,NULL,0,0,40,1,231,0,0,0,4,NULL,NULL,0,0,0,0,0,3,3,0,0,"NA","NA","NA",0,184903,24534,"nrk_alfa"
"http://www.nrk.no/nyheter/direkte_-kai-eide-moter-pressen-i-kongo-1.11415996","http://www.nrk.no/nyheter/1.11415996","DIREKTE: Kai Eide møter pressen i Kongo - NRK Nyheter","2013-12-13 12:29:33",NULL,0,1,1,1,0,"no",36.5,NULL,0,0,25,2,146,0,0,0,5,NULL,NULL,0,1,0,0,1,3,3,0,0,"NA","NA","NA",0,184903,24886,"nrk_alfa"
"http://www.nrk.no/nyheter/20-millioner-til-beskyttelse-av-barn--1.11416296","http://www.nrk.no/nyheter/1.11416296","20 millioner til beskyttelse av barn - NRK Nyheter","2013-12-13 12:21:21",NULL,0,1,1,1,0,"no",43.4706,NULL,0,0,34,2,202,0,0,0,4,NULL,NULL,0,0,0,0,0,3,3,0,0,"NA","NA","NA",0,184903,24534,"nrk_alfa"
"http://www.nrk.no/nyheter/blir-med-pa-fredagens-rundbordsamtaler-1.11416283","http://www.nrk.no/nyheter/1.11416283","Blir med på fredagens rundbordsamtaler - NRK Nyheter","2013-12-13 12:19:37",NULL,0,1,1,1,0,"no",66.5556,NULL,0,0,36,1,228,0,0,0,4,NULL,NULL,0,0,0,0,0,3,3,0,0,"NA","NA","NA",0,184903,24534,"nrk_alfa"
"http://www.nrk.no/nordnytt/avklarer-bompenger-1.11416112","http://www.nrk.no/nordnytt/1.11416112","Avklarer bompenger - Troms og Finnmark","2013-12-13 12:07:52",NULL,0,1,1,1,0,"no",48.1026,NULL,0,0,52,3,324,0,0,0,4,NULL,NULL,0,0,0,0,0,6,6,0,0,"NRK Troms og Finnmark","NA","NA",0,181178,20195,"nrk_alfa"
"http://www.nrk.no/nordnytt/1.11416112","http://www.nrk.no/nordnytt/1.11416112","Avklarer bompenger - Troms og Finnmark","2013-12-13 12:07:52",NULL,0,1,1,1,0,"no",48.1026,NULL,0,0,52,3,324,0,0,0,4,NULL,NULL,0,0,0,0,0,6,6,0,0,"NRK Troms og Finnmark","NA","NA",0,181178,20195,"nrk_alfa"
"http://www.nrk.no/nordland/sjomatradet-vil-ha-dyrere-laks-1.11416291","http://www.nrk.no/nordland/1.11416291","Sjømatrådet vil ha dyrere laks - Nordland","2013-12-13 12:18:06",NULL,0,1,1,1,0,"no",35.5128,NULL,0,0,65,3,352,0,0,0,4,NULL,NULL,0,0,0,0,0,6,6,0,0,"NRK Nordland","NA","NA",0,181178,20186,"nrk_alfa"
"http://www.nrk.no/nordland/danske-kjorte-utfor-pa-e6-1.11416224","http://www.nrk.no/nordland/1.11416224","Danske kjørte utfor på vei opp bakken","2013-12-13 12:04:00",NULL,0,2,2,2,0,"no",39.2833,NULL,1,0,282,17,1549,0,0,0,8,NULL,NULL,0,0,0,0,1,6,6,0,0,"NRK Nordland","NA","NA",0,181178,20515,"ny2013"
"http://www.nrk.no/nordland/1.11416291","http://www.nrk.no/nordland/1.11416291","Sjømatrådet vil ha dyrere laks - Nordland","2013-12-13 12:18:06",NULL,0,1,1,1,0,"no",35.5128,NULL,0,0,65,3,352,0,0,0,4,NULL,NULL,0,0,0,0,0,6,6,0,0,"NRK Nordland","NA","NA",0,181178,20186,"nrk_alfa"
"http://www.nrk.no/nyheter/distrikt/hedmark_og_oppland/1.11415954","http://www.nrk.no/ho/1.11415954","Tror han utførte ranet, men husker ingenting","2013-12-13 12:37:45","2013-12-13 15:21:43",0,2,2,2,0,"no",40.549,NULL,0,3,562,31,3169,0,0,0,9,NULL,NULL,0,1,0,0,6,4,4,0,0,"NA","NA","Distrikt",0,181178,21119,"ny2013"
"http://www.nrk.no/ostlandssendingen/1.11416353","http://www.nrk.no/ostlandssendingen/1.11416353","Stengt mellom Økernrysset og Sinsen - NRK – Østlandssendingen","2013-12-13 12:46:03",NULL,0,1,1,1,0,"no",34.6667,NULL,0,0,36,2,222,0,0,0,4,NULL,NULL,0,0,0,0,0,6,6,0,0,"NRK Østlandssendingen","NA","NA",0,181178,20388,"nrk_alfa"
"http://www.nrk.no/nyheter/distrikt/nrk_trondelag/1.11410738","http://www.nrk.no/trondelag/1.11410738","OL-håp tør ikke reise hjem til jul","2013-12-13 11:47:06",NULL,0,2,2,2,0,"no",35.4183,NULL,0,3,667,37,3601,0,1,NULL,10,NULL,NULL,0,1,0,0,4,12,6,6,0,"NA","NA","Distrikt",0,181178,22881,"ny2013"
"http://www.nrk.no/verden/stoltenberg-i-mandelas-begravelse-1.11415783","http://www.nrk.no/verden/1.11415783","– Glad for å kunne ta farvel med Mandela","2013-12-13 11:58:17","2013-12-13 12:24:26",0,2,2,2,0,"no",46.4073,NULL,1,3,712,32,4092,1,0,0,8,NULL,NULL,0,0,0,0,2,10,7,3,0,"NA","NA","Verden",0,181178,22251,"ny2013"
"http://www.nrk.no/trondelag/_-bruk-mobilen-minst-mulig-1.11415851","http://www.nrk.no/trondelag/1.11415851","– Bruk mobilen minst mulig","2013-12-13 11:13:06","2013-12-13 11:39:11",0,2,2,2,0,"no",46.8824,NULL,0,3,973,44,5363,0,0,0,9,NULL,NULL,0,0,0,1,41,9,6,3,0,"NRK Trøndelag","NA","NA",0,181178,26643,"ny2013"
"http://www.nrk.no/trondelag/tor-ikke-reise-hjem-til-jul-1.11410738","http://www.nrk.no/trondelag/1.11410738","OL-håp tør ikke reise hjem til jul","2013-12-13 11:47:06",NULL,0,2,2,2,0,"no",35.4183,NULL,0,3,667,37,3601,0,1,NULL,10,NULL,NULL,0,1,0,0,4,12,6,6,0,"NRK Trøndelag","NA","NA",0,181178,22881,"ny2013"
"http://www.nrk.no/sport/1.11416017","http://www.nrk.no/sport/1.11416017","Syk Hellner dropper Davos - Sport","2013-12-13 11:47:49",NULL,0,1,1,1,0,"no",46.4848,NULL,0,0,44,3,260,0,0,0,4,NULL,NULL,0,0,0,0,0,0,0,0,0,"NA","NA","Sport",0,183190,19378,"nrk_alfa"
"http://www.nrk.no/sport/1.11415708","http://www.nrk.no/sport/1.11415708","16-åring med rekord og semibillett - Sport","2013-12-13 10:38:57",NULL,0,1,1,1,0,"no",39.0588,NULL,0,0,68,4,402,0,0,0,4,NULL,NULL,0,0,0,0,0,0,0,0,0,"NA","NA","Sport",0,183190,19378,"nrk_alfa"
"http://www.nrk.no/ho/okokrim-frykter-ulovlig-ulvejakt-1.11415916","http://www.nrk.no/ho/1.11415916","Økokrim advarer tjuvjegere","2013-12-13 11:29:32",NULL,0,2,2,2,0,"no",42.6218,NULL,0,3,401,23,2256,0,0,0,8,NULL,NULL,0,0,0,0,1,4,4,0,0,"NRK Hedmark og Oppland","NA","NA",0,181178,20162,"ny2013"
"http://www.nrk.no/sorlandet/cultiva-penger-til-17-prosjekter-1.11415915","http://www.nrk.no/sorlandet/1.11415915","Cultiva-penger til 17 prosjekter","2013-12-13 10:13:56",NULL,0,2,2,2,0,"no",66.1722,NULL,0,0,282,7,1754,0,0,0,8,NULL,NULL,0,0,0,0,2,9,9,0,0,"NRK Sørlandet","NA","NA",0,181178,21886,"ny2013"
"http://www.nrk.no/sorlandet/--iveland-overlever-ikke-1.11416240","http://www.nrk.no/sorlandet/1.11416240","- Iveland overlever ikke - NRK – Sørlandet","2013-12-13 12:08:56",NULL,0,1,1,1,0,"no",64.037,NULL,0,0,27,1,175,0,0,0,4,NULL,NULL,0,0,0,0,0,9,9,0,0,"NRK Sørlandet","NA","NA",0,181178,21436,"nrk_alfa"
"http://www.nrk.no/sorlandet/arbeidsulykke-i-grimstad-1.11416219","http://www.nrk.no/sorlandet/1.11416219","Arbeidsulykke i Grimstad - NRK – Sørlandet","2013-12-13 11:57:32",NULL,0,1,1,1,0,"no",38.6379,NULL,0,0,29,2,155,0,0,0,4,NULL,NULL,0,0,0,0,0,9,9,0,0,"NRK Sørlandet","NA","NA",0,181178,21436,"nrk_alfa"
"http://www.nrk.no/sorlandet/gir-klubbkassa-til-frelsesarmeen-1.11416110","http://www.nrk.no/sorlandet/1.11416110","Gir klubbkassa til Frelsesarmeen - NRK – Sørlandet","2013-12-13 11:46:57",NULL,0,1,1,1,0,"no",52.2941,NULL,0,0,34,2,232,0,0,0,4,NULL,NULL,0,0,0,0,0,9,9,0,0,"NRK Sørlandet","NA","NA",0,181178,21436,"nrk_alfa"
"http://www.nrk.no/sorlandet/cultiva-penger-til-17-prosjekter-1.11415476","http://www.nrk.no/sorlandet/1.11415476","Cultiva-penger til 17 prosjekter - NRK – Sørlandet","2013-12-13 10:14:04",NULL,0,1,1,1,0,"no",40,NULL,0,1,20,1,122,0,0,0,4,NULL,NULL,0,0,0,0,0,9,9,0,0,"NRK Sørlandet","NA","NA",0,181178,21436,"nrk_alfa"
"http://www.nrk.no/sorlandet/1.11416240","http://www.nrk.no/sorlandet/1.11416240","- Iveland overlever ikke - NRK – Sørlandet","2013-12-13 12:08:56",NULL,0,1,1,1,0,"no",64.037,NULL,0,0,27,1,175,0,0,0,4,NULL,NULL,0,0,0,0,0,9,9,0,0,"NRK Sørlandet","NA","NA",0,181178,21436,"nrk_alfa"
"http://www.nrk.no/sorlandet/1.11416219","http://www.nrk.no/sorlandet/1.11416219","Arbeidsulykke i Grimstad - NRK – Sørlandet","2013-12-13 11:57:32",NULL,0,1,1,1,0,"no",38.6379,NULL,0,0,29,2,155,0,0,0,4,NULL,NULL,0,0,0,0,0,9,9,0,0,"NRK Sørlandet","NA","NA",0,181178,21436,"nrk_alfa"
"http://www.nrk.no/sorlandet/1.11416110","http://www.nrk.no/sorlandet/1.11416110","Gir klubbkassa til Frelsesarmeen - NRK – Sørlandet","2013-12-13 11:46:57",NULL,0,1,1,1,0,"no",52.2941,NULL,0,0,34,2,232,0,0,0,4,NULL,NULL,0,0,0,0,0,9,9,0,0,"NRK Sørlandet","NA","NA",0,181178,21436,"nrk_alfa"
"http://www.nrk.no/sognogfjordane/fire-nye-hurtigladestasjonar-1.11415729","http://www.nrk.no/sognogfjordane/1.11415729","Fylket får fire nye hurtigladestasjonar for elbil","2013-12-13 11:16:06",NULL,0,2,2,2,0,"nn",43.4536,NULL,0,2,505,21,2888,0,0,0,8,NULL,NULL,0,0,0,0,2,6,6,0,0,"NRK Sogn og Fjordane","NA","NA",0,181178,21893,"ny2013"
"http://www.nrk.no/okonomi/na-gar-rema-1000-og-coop-sammen-1.11415710","http://www.nrk.no/okonomi/1.11415710","Nå går Rema 1000 og Coop sammen","2013-12-13 08:47:19","2013-12-13 10:58:30",0,2,2,2,0,"no",46.8129,NULL,0,5,323,16,2016,1,0,0,9,NULL,NULL,0,1,0,0,1,3,0,3,0,"NA","NA","Økonomi",0,181178,20194,"ny2013"
"http://www.nrk.no/rogaland/frp-frykter-monopol-1.11416121","http://www.nrk.no/rogaland/1.11416121","Frp frykter monopol - NRK – Rogaland","2013-12-13 11:23:17",NULL,0,1,1,1,0,"no",52.5,NULL,0,1,40,2,291,0,0,0,4,NULL,NULL,0,0,0,0,0,3,3,0,0,"NRK Rogaland","NA","NA",0,181178,20221,"nrk_alfa"
"http://www.nrk.no/rogaland/stipend-til-ostin-ommundsen-1.11415755","http://www.nrk.no/rogaland/1.11415755","Stipend til Østin Ommundsen - NRK – Rogaland","2013-12-13 11:11:20",NULL,0,1,1,1,0,"no",54.2097,NULL,1,0,31,2,217,0,0,0,4,NULL,NULL,0,0,0,0,0,3,3,0,0,"NRK Rogaland","NA","NA",0,181178,19823,"nrk_alfa"
"http://www.nrk.no/rogaland/coop-og-rema-1000-inngar-samarbeid-1.11415585","http://www.nrk.no/rogaland/1.11415585","Coop og Rema 1000 inngår samarbeid - NRK – Rogaland","2013-12-13 08:55:05",NULL,0,1,1,1,0,"no",35.1897,NULL,0,0,29,2,182,0,0,0,4,NULL,NULL,0,0,0,0,0,3,3,0,0,"NRK Rogaland","NA","NA",0,181178,20221,"nrk_alfa"
"http://www.nrk.no/norge/kritisk-til-innkjopsavtaler-1.11416029","http://www.nrk.no/norge/1.11416029","Krever matavtaler stoppes: – Dette kan ikke Norge leve med","2013-12-13 11:01:09","2013-12-13 15:34:53",0,2,2,2,0,"no",43.6827,NULL,0,3,1238,65,7562,1,0,0,8,NULL,NULL,0,0,0,0,7,3,0,3,0,"NRK Norge","NA","Norge",0,181178,21413,"ny2013"
"http://www.nrk.no/rogaland/1.11416121","http://www.nrk.no/rogaland/1.11416121","Frp frykter monopol - NRK – Rogaland","2013-12-13 11:23:17",NULL,0,1,1,1,0,"no",52.5,NULL,0,1,40,2,291,0,0,0,4,NULL,NULL,0,0,0,0,0,3,3,0,0,"NRK Rogaland","NA","NA",0,181178,20221,"nrk_alfa"
"http://www.nrk.no/rogaland/1.11415755","http://www.nrk.no/rogaland/1.11415755","Stipend til Østin Ommundsen - NRK – Rogaland","2013-12-13 11:11:20",NULL,0,1,1,1,0,"no",54.2097,NULL,1,0,31,2,217,0,0,0,4,NULL,NULL,0,0,0,0,0,3,3,0,0,"NRK Rogaland","NA","NA",0,181178,19823,"nrk_alfa"
"http://www.nrk.no/ostlandssendingen/politiet_-sa-ikke-sjaforen-engang_-1.11416084","http://www.nrk.no/ostlandssendingen/1.11416084","Politiet: Så ikke sjåføren engang!","2013-12-13 11:51:08",NULL,0,2,2,2,0,"no",37.9965,NULL,1,2,219,17,1353,0,0,0,8,NULL,NULL,0,0,0,0,1,6,6,0,0,"NRK Østlandssendingen","NA","NA",0,181178,20936,"ny2013"
"http://www.nrk.no/ostfold/politiet-leter-etter-torturdomt-1.11415750","http://www.nrk.no/ostfold/1.11415750","Torturdømt etterlyst av politiet i ny mishandlingssak","2013-12-13 12:01:06",NULL,0,2,2,2,0,"no",42.6629,NULL,1,3,467,25,2747,0,0,0,8,NULL,NULL,0,0,0,0,2,12,6,6,0,"NRK Østfold","NA","NA",0,181178,21796,"ny2013"
"http://www.nrk.no/ostfold/unge-menn-gikk-los-pa-politifolk-1.11415773","http://www.nrk.no/ostfold/1.11415773","Unge brødre gikk løs på politifolk","2013-12-13 12:00:56",NULL,0,2,2,2,0,"no",45.9,NULL,0,0,291,19,1748,0,0,0,8,NULL,NULL,0,0,0,0,1,6,6,0,0,"NRK Østfold","NA","NA",0,181178,20949,"ny2013"
"http://www.nrk.no/telemark/google-hedrer-kristian-birkeland-1.11416067","http://www.nrk.no/telemark/1.11416067","Google hedrer Kristian Birkeland","2013-12-13 11:46:29",NULL,0,2,2,2,0,"no",45.8133,NULL,1,2,289,18,1776,1,0,0,8,NULL,NULL,0,0,0,0,2,6,6,0,0,"NA","NA","NA",0,181178,20829,"ny2013"
"http://www.nrk.no/telemark/mange-far-grunnskoleopplaering-1.11416235","http://www.nrk.no/telemark/1.11416235","Mange får grunnskoleopplæring - Telemark","2013-12-13 11:55:49",NULL,0,1,1,1,0,"no",40.8333,NULL,0,0,40,3,281,0,0,0,4,NULL,NULL,0,0,0,0,0,6,6,0,0,"NA","NA","NA",0,181178,20379,"nrk_alfa"
"http://www.nrk.no/telemark/1.11416235","http://www.nrk.no/telemark/1.11416235","Mange får grunnskoleopplæring - Telemark","2013-12-13 11:55:49",NULL,0,1,1,1,0,"no",40.8333,NULL,0,0,40,3,281,0,0,0,4,NULL,NULL,0,0,0,0,0,6,6,0,0,"NA","NA","NA",0,181178,20379,"nrk_alfa"
"http://www.nrk.no/nyheter/verden/1.11415783","http://www.nrk.no/verden/1.11415783","– Glad for å kunne ta farvel med Mandela","2013-12-13 11:58:17","2013-12-13 12:24:26",0,2,2,2,0,"no",46.4073,NULL,1,3,712,32,4092,1,0,0,8,NULL,NULL,0,0,0,0,2,10,7,3,0,"NA","NA","Verden",0,181178,22251,"ny2013"
"http://www.nrk.no/buskerud/fengselsteater-1.11415794","http://www.nrk.no/buskerud/1.11415794","Teater skal gi nytt liv","2013-12-13 11:34:11",NULL,0,2,2,2,0,"no",33.4253,NULL,0,0,584,42,3188,0,0,0,8,NULL,NULL,0,0,0,0,3,3,3,0,0,"NA","NA","NA",0,181178,20394,"ny2013"
"http://www.nrk.no/ho/innbruddstyv-gjemte-seg-i-kjoleskap-1.11415568","http://www.nrk.no/ho/1.11415568","Politiet fant tyven i kjøleskapet","2013-12-13 07:28:54","2013-12-13 11:50:21",0,2,2,2,0,"no",38.4281,NULL,1,0,457,30,2625,0,0,0,8,NULL,NULL,0,0,0,0,3,4,4,0,0,"NRK Hedmark og Oppland","NA","NA",0,181178,20404,"ny2013"
"http://www.nrk.no/hordaland/vil-lokke-legar-med-fastlonn-1.11416190","http://www.nrk.no/hordaland/1.11416190","Vil lokke legar med fastlønn","2013-12-13 11:53:10",NULL,0,2,2,2,0,"nn",39.9005,NULL,1,0,286,17,1600,0,0,0,8,NULL,NULL,0,0,0,0,1,6,6,0,0,"NRK Hordaland","NA","NA",0,181178,21402,"ny2013"
"http://www.nrk.no/nordland/drapstiltalt-mann-blir-undersokt-1.11415920","http://www.nrk.no/nordland/1.11415920","Drapssiktet ektemann må sitte inne til han er ferdig undersøkt","2013-12-13 11:22:12",NULL,0,2,2,2,0,"no",45.7001,NULL,0,2,516,29,3133,0,0,0,9,NULL,NULL,0,1,0,0,2,9,6,3,0,"NRK Nordland","NA","NA",0,181178,21230,"ny2013"
"http://www.nrk.no/nyheter/1.11416211","http://www.nrk.no/nyheter/1.11416211","NRK Nyheter","2013-12-13 11:54:03",NULL,0,1,1,1,0,"nb",45,NULL,0,1,5,1,34,0,0,0,4,NULL,NULL,0,0,0,0,1,3,3,0,0,"NA","NA","NA",0,184903,24257,"nrk_alfa"
"http://www.nrk.no/nyheter/domt-til-doden-for-a-ha-knivstukket-barn-1.11416197","http://www.nrk.no/nyheter/1.11416197","Dømt til døden for å ha knivstukket barn - NRK Nyheter","2013-12-13 11:41:57",NULL,0,1,1,1,0,"no",25.1774,NULL,0,0,31,2,150,0,0,0,4,NULL,NULL,0,0,0,0,0,3,3,0,0,"NA","NA","NA",0,184903,24136,"nrk_alfa"
"http://www.nrk.no/nyheter/_-dette-er-ingen-utpressing-1.11416154","http://www.nrk.no/nyheter/1.11416154","– Dette er ingen utpressing - NRK Nyheter","2013-12-13 11:37:49",NULL,0,1,1,1,0,"nb",40.1047,NULL,0,0,43,2,249,0,0,0,4,NULL,NULL,0,0,0,0,0,3,3,0,0,"NA","NA","NA",0,184903,24534,"nrk_alfa"
"http://www.nrk.no/nyheter/1.11416185","http://www.nrk.no/nyheter/1.11416185","NRK Nyheter","2013-12-13 11:34:31",NULL,0,1,1,1,0,"no",103,NULL,0,1,3,1,26,0,0,0,4,NULL,NULL,0,0,0,0,1,3,3,0,0,"NA","NA","NA",0,184903,24655,"nrk_alfa"
"http://www.nrk.no/nyheter/1.11416181","http://www.nrk.no/nyheter/1.11416181","NRK Nyheter","2013-12-13 11:28:55",NULL,0,1,1,1,0,"nb",36.0769,NULL,0,1,13,1,75,0,0,0,4,NULL,NULL,0,0,0,0,1,3,3,0,0,"NA","NA","NA",0,184903,24655,"nrk_alfa"
"http://www.nrk.no/nyheter/1.11416168","http://www.nrk.no/nyheter/1.11416168","NRK Nyheter","2013-12-13 11:27:37",NULL,0,1,1,1,0,"nn",50,NULL,0,1,10,1,84,0,0,0,4,NULL,NULL,0,0,0,0,1,3,3,0,0,"NA","NA","NA",0,184903,24655,"nrk_alfa"
"http://www.nrk.no/nyheter/arbeiderpartiet-er-bekymret-1.11416137","http://www.nrk.no/nyheter/1.11416137","Arbeiderpartiet er bekymret - NRK Nyheter","2013-12-13 11:23:33",NULL,0,1,1,1,0,"no",54.2097,NULL,0,0,31,2,225,0,0,0,4,NULL,NULL,0,0,0,0,0,3,3,0,0,"NA","NA","NA",0,184903,24534,"nrk_alfa"
"http://www.nrk.no/nyheter/et-uunngaelig-samarbeid-1.11416123","http://www.nrk.no/nyheter/1.11416123","Et uunngåelig samarbeid - NRK Nyheter","2013-12-13 11:19:19",NULL,0,1,1,1,0,"no",38.0556,NULL,0,0,45,2,247,0,0,0,4,NULL,NULL,0,0,0,0,1,3,3,0,0,"NA","NA","NA",0,184903,24655,"nrk_alfa"
"http://www.nrk.no/nyheter/1.11416136","http://www.nrk.no/nyheter/1.11416136","NRK Nyheter","2013-12-13 11:16:59",NULL,0,1,1,1,0,"nb",30,NULL,0,1,10,1,58,0,0,0,4,NULL,NULL,0,0,0,0,1,3,3,0,0,"NA","NA","NA",0,184903,24655,"nrk_alfa"
"http://www.nrk.no/nyheter/domt-for-bombetrusler-1.11416128","http://www.nrk.no/nyheter/1.11416128","Dømt for bombetrusler - NRK Nyheter","2013-12-13 11:16:23",NULL,0,1,1,1,0,"no",60.125,NULL,0,0,32,1,186,0,0,0,4,NULL,NULL,0,0,0,0,0,3,3,0,0,"NA","NA","NA",0,184903,24534,"nrk_alfa"
"http://www.nrk.no/nyheter/helikoptertypen-flyr-i-norge-1.11416098","http://www.nrk.no/nyheter/1.11416098","Helikoptertypen flyr i Norge - NRK Nyheter","2013-12-13 11:14:39",NULL,0,1,1,1,0,"no",37.4487,NULL,0,0,39,2,229,0,0,0,4,NULL,NULL,0,0,0,0,0,3,3,0,0,"NA","NA","NA",0,184903,24534,"nrk_alfa"
"http://www.nrk.no/nyheter/se-bilder-fra-uvaeret-1.11416041","http://www.nrk.no/nyheter/1.11416041","Se bilder fra uværet - NRK Nyheter","2013-12-13 11:13:35",NULL,0,1,1,1,0,"no",20.5,NULL,0,1,25,2,122,0,0,0,4,NULL,NULL,0,0,0,0,1,3,3,0,0,"NA","NA","NA",0,184903,24655,"nrk_alfa"
"http://www.nrk.no/okonomi/reitan_-dette-er-ingen-utpressing-1.11416027","http://www.nrk.no/okonomi/1.11416027","Rema 1000 og Coop: – Dette er ingen utpressing","2013-12-13 11:02:04","2013-12-13 13:43:00",0,2,2,2,0,"no",44.5491,NULL,0,5,496,23,3026,1,0,0,9,NULL,NULL,0,1,0,0,2,3,0,3,0,"NA","NA","Økonomi",0,181178,20194,"ny2013"
"http://www.nrk.no/nordnytt/fjernvarme-til-finnsnes-1.11416107","http://www.nrk.no/nordnytt/1.11416107","Fjernvarme til Finnsnes - Troms og Finnmark","2013-12-13 11:07:40",NULL,0,1,1,1,0,"no",44.5659,NULL,0,0,43,3,249,0,0,0,4,NULL,NULL,0,0,0,0,0,6,6,0,0,"NRK Troms og Finnmark","NA","NA",0,181178,20195,"nrk_alfa"
"http://www.nrk.no/nordnytt/1.11416107","http://www.nrk.no/nordnytt/1.11416107","Fjernvarme til Finnsnes - Troms og Finnmark","2013-12-13 11:07:40",NULL,0,1,1,1,0,"no",44.5659,NULL,0,0,43,3,249,0,0,0,4,NULL,NULL,0,0,0,0,0,6,6,0,0,"NRK Troms og Finnmark","NA","NA",0,181178,20195,"nrk_alfa"
"http://www.nrk.no/nyheter/distrikt/more_og_romsdal/1.11415982","http://www.nrk.no/mr/1.11415982","– Spesielt jentene gler seg til denne dagen","2013-12-13 11:02:47",NULL,0,2,2,2,0,"nn",45.6547,NULL,0,0,213,11,1226,0,0,0,9,NULL,NULL,0,1,0,0,2,15,15,0,0,"NA","NA","Distrikt",0,181178,23310,"ny2013"
"http://www.nrk.no/hordaland/drapsdomt-anker-til-hoyesterett-1.11416173","http://www.nrk.no/hordaland/1.11416173","Drapsdømt anker til Høyesterett - Hordaland","2013-12-13 11:29:53",NULL,0,1,1,1,0,"no",49.3529,NULL,0,0,68,4,429,0,0,0,4,NULL,NULL,0,0,0,0,0,6,6,0,0,"NRK Hordaland","NA","NA",0,181178,21073,"nrk_alfa"
"http://www.nrk.no/hordaland/pressekonferanse-om-sykkel-vm-1.11416099","http://www.nrk.no/hordaland/1.11416099","Pressekonferanse om Sykkel-VM - Hordaland","2013-12-13 11:09:21",NULL,0,1,1,1,0,"nn",53.9645,NULL,0,0,47,3,333,0,0,0,4,NULL,NULL,0,0,0,0,0,6,6,0,0,"NRK Hordaland","NA","NA",0,181178,21073,"nrk_alfa"
"http://www.nrk.no/hordaland/1.11416099","http://www.nrk.no/hordaland/1.11416099","Pressekonferanse om Sykkel-VM - Hordaland","2013-12-13 11:09:21",NULL,0,1,1,1,0,"nn",53.9645,NULL,0,0,47,3,333,0,0,0,4,NULL,NULL,0,0,0,0,0,6,6,0,0,"NRK Hordaland","NA","NA",0,181178,21073,"nrk_alfa"
"http://www.nrk.no/hordaland/1.11416173","http://www.nrk.no/hordaland/1.11416173","Drapsdømt anker til Høyesterett - Hordaland","2013-12-13 11:29:53",NULL,0,1,1,1,0,"no",49.3529,NULL,0,0,68,4,429,0,0,0,4,NULL,NULL,0,0,0,0,0,6,6,0,0,"NRK Hordaland","NA","NA",0,181178,21073,"nrk_alfa"
"http://www.nrk.no/ho/1.11416042","http://www.nrk.no/ho/1.11416042","Økokrim frykter ulovlig jakt på ulv - Hedmark og Oppland","2013-12-13 11:16:16",NULL,0,1,1,1,0,"no",44.125,NULL,0,0,32,2,176,0,0,0,4,NULL,NULL,0,0,0,0,0,3,3,0,0,"NRK Hedmark og Oppland","NA","NA",0,181178,19833,"nrk_alfa"
"http://www.nrk.no/sognogfjordane/familien-tek-avhoyrsnekt-tungt-1.11415441","http://www.nrk.no/sognogfjordane/1.11415441","Trippeldrapssikta nektar framleis avhøyr – «Ei stor tilleggsbelastning for familien»","2013-12-13 05:50:20","2013-12-13 11:23:26",0,2,2,2,0,"nn",41.2196,NULL,0,10,1221,53,6727,0,0,0,8,NULL,NULL,0,0,0,0,3,9,6,3,0,"NRK Sogn og Fjordane","NA","NA",0,181178,22498,"ny2013"
"http://www.nrk.no/ho/hamar-mister-31-arbeidsplasser-1.11416033","http://www.nrk.no/ho/1.11416033","Hamar mister 31 arbeidsplasser","2013-12-13 11:35:57","2013-12-13 13:21:32",0,2,2,2,0,"no",45.471,NULL,1,1,801,36,4676,0,0,0,8,NULL,NULL,0,0,0,0,2,3,3,0,0,"NRK Hedmark og Oppland","NA","NA",0,181178,20283,"ny2013"
"http://www.nrk.no/ho/1.11416134","http://www.nrk.no/ho/1.11416134","Ridehus i Østre Toten - Hedmark og Oppland","2013-12-13 11:58:35",NULL,0,1,1,1,0,"no",40.2778,NULL,0,0,45,2,243,0,0,0,4,NULL,NULL,0,0,0,0,0,3,3,0,0,"NRK Hedmark og Oppland","NA","NA",0,181178,19833,"nrk_alfa"
"http://www.nrk.no/nyheter/distrikt/hedmark_og_oppland/1.11416033","http://www.nrk.no/ho/1.11416033","Hamar mister 31 arbeidsplasser","2013-12-13 11:35:57","2013-12-13 13:21:32",0,2,2,2,0,"no",45.471,NULL,1,1,801,36,4676,0,0,0,8,NULL,NULL,0,0,0,0,2,3,3,0,0,"NA","NA","Distrikt",0,181178,20283,"ny2013"
"http://www.nrk.no/nyheter/distrikt/hedmark_og_oppland/1.11415916","http://www.nrk.no/ho/1.11415916","Økokrim advarer tjuvjegere","2013-12-13 11:29:32",NULL,0,2,2,2,0,"no",42.6218,NULL,0,3,401,23,2256,0,0,0,8,NULL,NULL,0,0,0,0,1,4,4,0,0,"NA","NA","Distrikt",0,181178,20162,"ny2013"
"http://www.nrk.no/ytring/tidsklemma-og-romklemma-1.11414106","http://www.nrk.no/ytring/1.11414106","Vi har tidsklemma, ungdom har romklemma","2013-12-13 10:32:56",NULL,0,2,2,2,0,"no",37.7529,NULL,1,1,922,59,5342,1,1,NULL,9,NULL,NULL,0,0,0,0,2,9,6,3,0,"NA","Ytring","NA",0,182628,20994,"ny2013"
"http://www.nrk.no/trondelag/22.000-fortsatt-uten-strom-1.11415433","http://www.nrk.no/trondelag/1.11415433","22.000 fortsatt uten strøm","2013-12-13 05:33:24","2013-12-13 11:20:23",0,2,2,2,0,"no",45.4551,NULL,0,0,352,21,2191,0,0,0,8,NULL,NULL,0,0,0,0,3,9,6,3,0,"NRK Trøndelag","NA","NA",0,181178,21814,"ny2013"
"http://www.nrk.no/trondelag/teledekning-pa-vei-tilbake-1.11416082","http://www.nrk.no/trondelag/1.11416082","Teledekning på vei tilbake - NRK – Trøndelag","2013-12-13 11:00:34",NULL,0,1,1,1,0,"no",46.4848,NULL,0,0,44,3,272,0,0,0,4,NULL,NULL,0,0,0,0,0,6,6,0,0,"NRK Trøndelag","NA","NA",0,181178,21471,"nrk_alfa"
"http://www.nrk.no/trondelag/steinkjer-ma-spare-vann-1.11415824","http://www.nrk.no/trondelag/1.11415824","Steinkjer må spare vann - NRK – Trøndelag","2013-12-13 10:30:13",NULL,0,1,1,1,0,"nb",47.3636,NULL,0,0,33,3,227,0,0,0,4,NULL,NULL,0,0,0,0,0,6,6,0,0,"NRK Trøndelag","NA","NA",0,181178,21471,"nrk_alfa"
"http://www.nrk.no/trondelag/namsen-flom-stenger-veg-1.11415870","http://www.nrk.no/trondelag/1.11415870","Namsen-flom stenger veg - NRK – Trøndelag","2013-12-13 10:22:51",NULL,0,1,1,1,0,"no",36.0769,NULL,0,0,26,2,142,0,0,0,4,NULL,NULL,0,0,0,0,0,6,6,0,0,"NRK Trøndelag","NA","NA",0,181178,21073,"nrk_alfa"
"http://www.nrk.no/trondelag/12-000-uten-strom-i-nord-trondelag-1.11415957","http://www.nrk.no/trondelag/1.11415957","12 000 uten strøm i Nord-Trøndelag - NRK – Trøndelag","2013-12-13 10:17:44",NULL,0,1,1,1,0,"no",37.2222,NULL,0,0,45,3,264,0,0,0,4,NULL,NULL,0,0,0,0,0,6,6,0,0,"NRK Trøndelag","NA","NA",0,181178,21073,"nrk_alfa"
"http://www.nrk.no/trondelag/1.11416082","http://www.nrk.no/trondelag/1.11416082","Teledekning på vei tilbake - NRK – Trøndelag","2013-12-13 11:00:34",NULL,0,1,1,1,0,"no",46.4848,NULL,0,0,44,3,272,0,0,0,4,NULL,NULL,0,0,0,0,0,6,6,0,0,"NRK Trøndelag","NA","NA",0,181178,21471,"nrk_alfa"
"http://www.nrk.no/trondelag/1.11415824","http://www.nrk.no/trondelag/1.11415824","Steinkjer må spare vann - NRK – Trøndelag","2013-12-13 10:30:13",NULL,0,1,1,1,0,"nb",47.3636,NULL,0,0,33,3,227,0,0,0,4,NULL,NULL,0,0,0,0,0,6,6,0,0,"NRK Trøndelag","NA","NA",0,181178,21471,"nrk_alfa"
"http://www.nrk.no/trondelag/1.11415870","http://www.nrk.no/trondelag/1.11415870","Namsen-flom stenger veg - NRK – Trøndelag","2013-12-13 10:22:51",NULL,0,1,1,1,0,"no",36.0769,NULL,0,0,26,2,142,0,0,0,4,NULL,NULL,0,0,0,0,0,6,6,0,0,"NRK Trøndelag","NA","NA",0,181178,21073,"nrk_alfa"
"http://www.nrk.no/trondelag/1.11415957","http://www.nrk.no/trondelag/1.11415957","12 000 uten strøm i Nord-Trøndelag - NRK – Trøndelag","2013-12-13 10:17:44",NULL,0,1,1,1,0,"no",37.2222,NULL,0,0,45,3,264,0,0,0,4,NULL,NULL,0,0,0,0,0,6,6,0,0,"NRK Trøndelag","NA","NA",0,181178,21073,"nrk_alfa"
"http://www.nrk.no/norge/eldre-hindres-av-sno-og-glatt-fore-1.11414959","http://www.nrk.no/norge/1.11414959","Mange eldre tør ikke gå ut når det er glatt","2013-12-13 07:46:46","2013-12-13 11:21:38",0,2,2,2,0,"no",36.2707,NULL,0,2,814,45,4356,0,0,0,9,NULL,NULL,0,1,0,0,5,3,0,3,0,"NRK Norge","NA","Norge",0,181178,21281,"ny2013"
"http://www.nrk.no/vestfold/julestjerna-bestar-ar-etter-ar-1.11412926","http://www.nrk.no/vestfold/1.11412926","Slik bevarer du julestjernen din","2013-12-12 12:25:22",NULL,0,2,2,2,0,"no",38.2558,NULL,0,0,614,37,3420,0,0,0,9,NULL,NULL,0,1,0,0,3,6,6,0,0,"NA","NA","NA",0,181178,20988,"ny2013"
"http://www.nrk.no/sorlandet/domt-for-hacking-1.11416100","http://www.nrk.no/sorlandet/1.11416100","Dømt for hacking - NRK – Sørlandet","2013-12-13 11:07:11",NULL,0,1,1,1,0,"no",52.8636,NULL,1,0,33,2,222,0,0,0,4,NULL,NULL,0,0,0,0,0,9,9,0,0,"NRK Sørlandet","NA","NA",0,181178,21436,"nrk_alfa"
"http://www.nrk.no/sorlandet/1.11415476","http://www.nrk.no/sorlandet/1.11415476","Cultiva-penger til 17 prosjekter - NRK – Sørlandet","2013-12-13 10:14:04",NULL,0,1,1,1,0,"no",40,NULL,0,1,20,1,122,0,0,0,4,NULL,NULL,0,0,0,0,0,9,9,0,0,"NRK Sørlandet","NA","NA",0,181178,21436,"nrk_alfa"
"http://www.nrk.no/sorlandet/1.11416100","http://www.nrk.no/sorlandet/1.11416100","Dømt for hacking - NRK – Sørlandet","2013-12-13 11:07:11",NULL,0,1,1,1,0,"no",52.8636,NULL,1,0,33,2,222,0,0,0,4,NULL,NULL,0,0,0,0,0,9,9,0,0,"NRK Sørlandet","NA","NA",0,181178,21436,"nrk_alfa"
"http://www.nrk.no/sognogfjordane/ferje-lem-opna-seg-av-seg-sjolv-1.11415956","http://www.nrk.no/sognogfjordane/1.11415956","Sjåføren kom køyrande inn på ferja - så fekk han sjå at ferjelemmen var nede...","2013-12-13 10:51:55","2013-12-13 10:55:50",0,2,2,2,0,"nn",27.274,NULL,0,0,526,32,2723,0,0,0,8,NULL,NULL,0,0,0,0,1,6,6,0,0,"NRK Sogn og Fjordane","NA","NA",0,181178,21651,"ny2013"
"http://www.nrk.no/sognogfjordane/slik-markerte-dei-lucia-dagen-1.11415840","http://www.nrk.no/sognogfjordane/1.11415840","Slik markerte dei Lucia for fjerde gong - no er det i ferd med å bli tradisjon","2013-12-13 10:12:46",NULL,0,2,2,2,0,"nn",27.6057,NULL,0,0,571,42,2987,0,0,0,9,NULL,NULL,0,1,0,0,2,6,6,0,0,"NRK Sogn og Fjordane","NA","NA",0,181178,22124,"ny2013"
"http://www.nrk.no/sognogfjordane/held-politioving-pa-vidaregaande-skule-1.11415730","http://www.nrk.no/sognogfjordane/1.11415730","Held politiøving på vidaregåande skule - NRK – Sogn og Fjordane","2013-12-13 10:54:30",NULL,0,1,1,1,0,"nn",40.0128,NULL,0,0,39,2,240,0,0,0,4,NULL,NULL,0,0,0,0,0,6,6,0,0,"NRK Sogn og Fjordane","NA","NA",0,181178,21322,"nrk_alfa"
"http://www.nrk.no/sognogfjordane/1.11415730","http://www.nrk.no/sognogfjordane/1.11415730","Held politiøving på vidaregåande skule - NRK – Sogn og Fjordane","2013-12-13 10:54:30",NULL,0,1,1,1,0,"nn",40.0128,NULL,0,0,39,2,240,0,0,0,4,NULL,NULL,0,0,0,0,0,6,6,0,0,"NRK Sogn og Fjordane","NA","NA",0,181178,21322,"nrk_alfa"
"http://www.nrk.no/nordnytt/jompa-tormann-hevner-seg-igjen-1.11415561","http://www.nrk.no/nordnytt/1.11415561","– Humor er en form for ferskvare","2013-12-13 07:33:50",NULL,0,2,2,2,0,"no",35.856,"(NTB)",0,4,741,43,4065,0,0,0,8,NULL,NULL,0,0,0,0,4,6,6,0,0,"NRK Troms og Finnmark","NA","NA",0,181178,20766,"ny2013"
"http://www.nrk.no/rogaland/kvelertak-pa-rolling-stone-liste-1.11416030","http://www.nrk.no/rogaland/1.11416030","Kvelertak på Rolling Stone-liste","2013-12-13 10:49:29","2013-12-13 12:51:28",0,2,2,2,0,"no",43.1575,NULL,1,7,364,21,2168,0,0,0,9,NULL,NULL,0,1,0,0,4,6,3,3,0,"NRK Rogaland","NA","NA",0,181178,21109,"ny2013"
"http://www.nrk.no/norge/civita-vil-ha-koprising-1.11413722","http://www.nrk.no/norge/1.11413722","– Køprising er det eneste som hjelper mot kø","2013-12-13 08:09:57","2013-12-13 08:54:43",0,2,2,2,0,"no",48.2438,NULL,3,5,1024,45,6147,1,0,0,8,NULL,NULL,0,0,0,0,4,6,0,6,0,"NRK Norge","NA","Norge",0,181178,21292,"ny2013"
"http://nrk.no/rogaland/kvelertak-pa-rolling-stone-liste-1.11416030","http://www.nrk.no/rogaland/1.11416030","Kvelertak på Rolling Stone-liste","2013-12-13 10:49:29","2013-12-13 12:51:28",0,2,2,2,0,"no",43.1575,NULL,1,7,364,21,2168,0,0,0,9,NULL,NULL,0,1,0,0,4,6,3,3,0,"NRK Rogaland","NA","NA",0,181178,21109,"ny2013"
"http://www.nrk.no/ostlandssendingen/_-kan-svekke-tilliten-til-politiet-1.11409097","http://www.nrk.no/ostlandssendingen/1.11409097","– Dette kan svekke tilliten til politiet","2013-12-13 10:42:19",NULL,0,2,2,2,0,"no",45.5739,NULL,0,2,368,20,2282,0,0,0,8,NULL,NULL,0,0,0,0,2,6,6,0,0,"NRK Østlandssendingen","NA","NA",0,181178,20717,"ny2013"
"http://www.nrk.no/ostfold/straffegebyr-til-halden-kommune-1.11415990","http://www.nrk.no/ostfold/1.11415990","Seks-sifret straffegebyr for ulovlige kjøp","2013-12-13 10:52:58",NULL,0,2,2,2,0,"no",55.5128,NULL,1,0,130,6,835,0,0,0,8,NULL,NULL,0,0,0,0,1,9,6,3,0,"NRK Østfold","NA","NA",0,181178,21312,"ny2013"
"http://www.nrk.no/ostfold/nordby-tunnellen-apnet-igjen-1.11415878","http://www.nrk.no/ostfold/1.11415878","Nordby-tunnellen åpnet igjen - Østfold","2013-12-13 10:58:56",NULL,0,1,1,1,0,"no",33.7273,NULL,0,0,22,2,130,0,0,0,4,NULL,NULL,0,0,0,0,0,6,6,0,0,"NRK Østfold","NA","NA",0,181178,20620,"nrk_alfa"
"http://www.nrk.no/ostfold/1.11415878","http://www.nrk.no/ostfold/1.11415878","Nordby-tunnellen åpnet igjen - Østfold","2013-12-13 10:58:56",NULL,0,1,1,1,0,"no",33.7273,NULL,0,0,22,2,130,0,0,0,4,NULL,NULL,0,0,0,0,0,6,6,0,0,"NRK Østfold","NA","NA",0,181178,20620,"nrk_alfa"
"http://www.nrk.no/telemark/fikk-to-kulturpriser-pa-ett-ar-1.11415675","http://www.nrk.no/telemark/1.11415675","Trodde kulturprisen var en spøk","2013-12-13 10:31:25",NULL,0,2,2,2,0,"no",43.547,NULL,3,2,540,26,3054,0,0,0,8,NULL,NULL,0,0,0,0,2,6,6,0,0,"NA","NA","NA",0,181178,20708,"ny2013"
"http://www.nrk.no/telemark/kompensasjon-for-stromavbrudd-1.11416058","http://www.nrk.no/telemark/1.11416058","Kompensasjon for strømavbrudd - Telemark","2013-12-13 10:54:23",NULL,0,1,1,1,0,"no",46.9167,NULL,0,0,48,2,287,0,0,0,4,NULL,NULL,0,0,0,0,0,6,6,0,0,"NA","NA","NA",0,181178,20379,"nrk_alfa"
"http://www.nrk.no/telemark/lodoen-ikke-arets-kommuneprofil-1.11416050","http://www.nrk.no/telemark/1.11416050","Lødøen ikke årets kommuneprofil - Telemark","2013-12-13 10:52:11",NULL,0,1,1,1,0,"no",40.1818,NULL,0,0,44,2,262,0,0,0,4,NULL,NULL,0,0,0,0,0,6,6,0,0,"NA","NA","NA",0,181178,20379,"nrk_alfa"
"http://www.nrk.no/telemark/kasin-fikk-kulturpris-1.11415981","http://www.nrk.no/telemark/1.11415981","Kåsin fikk kulturpris - Telemark","2013-12-13 10:27:37",NULL,0,1,1,1,0,"no",48.9828,NULL,0,0,29,2,181,0,0,0,4,NULL,NULL,0,0,0,0,0,6,6,0,0,"NA","NA","NA",0,181178,20379,"nrk_alfa"
"http://www.nrk.no/telemark/1.11416058","http://www.nrk.no/telemark/1.11416058","Kompensasjon for strømavbrudd - Telemark","2013-12-13 10:54:23",NULL,0,1,1,1,0,"no",46.9167,NULL,0,0,48,2,287,0,0,0,4,NULL,NULL,0,0,0,0,0,6,6,0,0,"NA","NA","NA",0,181178,20379,"nrk_alfa"
"http://www.nrk.no/telemark/1.11416050","http://www.nrk.no/telemark/1.11416050","Lødøen ikke årets kommuneprofil - Telemark","2013-12-13 10:52:11",NULL,0,1,1,1,0,"no",40.1818,NULL,0,0,44,2,262,0,0,0,4,NULL,NULL,0,0,0,0,0,6,6,0,0,"NA","NA","NA",0,181178,20379,"nrk_alfa"
"http://www.nrk.no/telemark/1.11415981","http://www.nrk.no/telemark/1.11415981","Kåsin fikk kulturpris - Telemark","2013-12-13 10:27:37",NULL,0,1,1,1,0,"no",48.9828,NULL,0,0,29,2,181,0,0,0,4,NULL,NULL,0,0,0,0,0,6,6,0,0,"NA","NA","NA",0,181178,20379,"nrk_alfa"
"http://www.nrk.no/nyheter/norge/1.11416029","http://www.nrk.no/norge/1.11416029","Krever matavtaler stoppes: – Dette kan ikke Norge leve med","2013-12-13 11:01:09","2013-12-13 15:34:53",0,2,2,2,0,"no",43.6827,NULL,0,3,1238,65,7562,1,0,0,8,NULL,NULL,0,0,0,0,7,3,0,3,0,"NRK Norge","NA","Norge",0,181178,21413,"ny2013"
"http://www.nrk.no/nyheter/_-dette-er-en-spennende-dag-1.11416008","http://www.nrk.no/nyheter/1.11416008","– Dette er en spennende dag - NRK Nyheter","2013-12-13 11:04:39",NULL,0,1,1,1,0,"no",31.7059,NULL,0,0,34,2,188,0,0,0,4,NULL,NULL,0,0,0,0,0,3,3,0,0,"NA","NA","NA",0,184903,24534,"nrk_alfa"
"http://www.nrk.no/nyheter/jobber-med-a-rette-opp-feil-1.11415995","http://www.nrk.no/nyheter/1.11415995","Jobber med å rette opp feil - NRK Nyheter","2013-12-13 10:46:58",NULL,0,1,1,1,0,"nb",45.527,NULL,0,0,37,2,216,0,0,0,4,NULL,NULL,0,0,0,0,1,3,3,0,0,"NA","NA","NA",0,184903,24655,"nrk_alfa"
"http://www.nrk.no/nyheter/1.11415960","http://www.nrk.no/nyheter/1.11415960","NRK Nyheter","2013-12-13 10:44:18",NULL,0,1,1,1,0,"nb",35.5714,NULL,0,1,7,1,40,0,0,0,4,NULL,NULL,0,0,0,0,1,3,3,0,0,"NA","NA","NA",0,184903,24257,"nrk_alfa"
"http://www.nrk.no/nyheter/slik-avsluttes-mandelas-begravelse-1.11415778","http://www.nrk.no/nyheter/1.11415778","Slik avsluttes Mandelas begravelse - NRK Nyheter","2013-12-13 10:35:55",NULL,0,1,1,1,0,"no",53.5,NULL,0,0,32,2,226,0,0,0,4,NULL,NULL,0,0,0,0,0,3,3,0,0,"NA","NA","NA",0,184903,24534,"nrk_alfa"
"http://www.nrk.no/nyheter/eide-varsler-pressekonferanse-kl.-12.30-1.11415988","http://www.nrk.no/nyheter/1.11415988","Eide varsler pressekonferanse kl. 12.30 - NRK Nyheter","2013-12-13 10:33:47",NULL,0,1,1,1,0,"no",28,NULL,0,0,40,5,241,0,0,0,4,NULL,NULL,0,0,0,0,0,3,3,0,0,"NA","NA","NA",0,184903,24534,"nrk_alfa"
"http://www.nrk.no/nyheter/kai-eide-har-ankommet-fengselet-i-kongo-1.11415984","http://www.nrk.no/nyheter/1.11415984","Kai Eide har ankommet fengselet i Kongo - NRK Nyheter","2013-12-13 10:30:16",NULL,0,1,1,1,0,"no",50.2692,NULL,0,0,39,2,263,0,0,0,4,NULL,NULL,0,0,0,0,0,3,3,0,0,"NA","NA","NA",0,184903,24534,"nrk_alfa"
"http://www.nrk.no/nyheter/direkte_-pressekonferanse-med-rema-1000-og-coop-kl.-11-1.11415758","http://www.nrk.no/nyheter/1.11415758","DIREKTE: Pressekonferanse med Rema 1000 og Coop kl. 11 - NRK Nyheter","2013-12-13 10:27:14",NULL,0,1,1,1,0,"no",38.2727,NULL,0,1,33,3,238,0,0,0,5,NULL,NULL,0,1,0,0,1,3,3,0,0,"NA","NA","NA",0,184903,24886,"nrk_alfa"
"http://www.nrk.no/nyheter/1.11415952","http://www.nrk.no/nyheter/1.11415952","NRK Nyheter","2013-12-13 10:17:52",NULL,0,1,1,1,0,"no",65,NULL,0,1,5,1,35,0,0,0,4,NULL,NULL,0,0,0,0,1,3,3,0,0,"NA","NA","NA",0,184903,24257,"nrk_alfa"
"http://www.nrk.no/nyheter/1.11415937","http://www.nrk.no/nyheter/1.11415937","NRK Nyheter","2013-12-13 10:14:43",NULL,0,1,1,1,0,"no",39.3333,NULL,0,1,6,1,34,0,0,0,4,NULL,NULL,0,0,0,0,1,3,3,0,0,"NA","NA","NA",0,184903,24257,"nrk_alfa"
"http://www.nrk.no/nyheter/1.11415928","http://www.nrk.no/nyheter/1.11415928","NRK Nyheter","2013-12-13 10:11:02",NULL,0,1,1,1,0,"no",31.2222,NULL,0,1,9,1,44,0,0,0,4,NULL,NULL,0,0,0,0,1,3,3,0,0,"NA","NA","NA",0,184903,24655,"nrk_alfa"
"http://www.nrk.no/nyheter/sjeldent-sterk-snostorm-i-jerusalem-1.11415873","http://www.nrk.no/nyheter/1.11415873","Sjeldent sterk snøstorm i Jerusalem - NRK Nyheter","2013-12-13 10:07:24",NULL,0,1,1,1,0,"no",43.4706,NULL,0,0,34,2,205,0,0,0,4,NULL,NULL,0,0,0,0,0,3,3,0,0,"NA","NA","NA",0,184903,24136,"nrk_alfa"
"http://www.nrk.no/nyheter/1.11415856","http://www.nrk.no/nyheter/1.11415856","NRK Nyheter","2013-12-13 09:51:26",NULL,0,1,1,1,0,"no",39.3333,NULL,0,1,6,1,35,0,0,0,4,NULL,NULL,0,0,0,0,1,3,3,0,0,"NA","NA","NA",0,184903,24257,"nrk_alfa"
"http://www.nrk.no/okonomi/folg-pressekonferansen-her-1.11416027","http://www.nrk.no/okonomi/1.11416027","Rema 1000 og Coop: – Dette er ingen utpressing","2013-12-13 11:02:04","2013-12-13 13:43:00",0,2,2,2,0,"no",44.5491,NULL,0,5,496,23,3026,1,0,0,9,NULL,NULL,0,1,0,0,2,3,0,3,0,"NA","NA","Økonomi",0,181178,20194,"ny2013"
"http://www.nrk.no/ho/sterk-nedgang-i-sykefravaeret-1.11415543","http://www.nrk.no/ho/1.11415543","Sterk nedgang i sykefraværet","2013-12-13 09:02:15",NULL,0,2,2,2,0,"no",43.772,NULL,0,0,418,23,2381,0,0,0,8,NULL,NULL,0,0,0,0,1,3,3,0,0,"NRK Hedmark og Oppland","NA","NA",0,181178,20162,"ny2013"
"http://www.nrk.no/hordaland/sendt-til-sandviken-sykehus-1.11415911","http://www.nrk.no/hordaland/1.11415911","Siktede sendt til Sandviken sykehus","2013-12-13 10:14:26",NULL,0,2,2,2,0,"no",52.0098,NULL,0,4,360,17,2166,0,0,0,8,NULL,NULL,0,0,0,0,2,9,6,3,0,"NRK Hordaland","NA","NA",0,181178,22007,"ny2013"
"http://www.nrk.no/sport/vraker-norsk-julefeiring-1.11410909","http://www.nrk.no/sport/1.11410909","Vraker norsk julefeiring","2013-12-13 07:45:29",NULL,0,2,2,2,0,"no",33.4081,NULL,0,0,536,29,2828,0,0,0,8,NULL,NULL,0,0,0,0,1,3,0,3,0,"NA","NA","Sport",0,183190,20070,"ny2013"
"http://www.nrk.no/mr/fengsla-i-fire-veker-etter-bussran-1.11415843","http://www.nrk.no/mr/1.11415843","Fengsla i fire veker etter bussran","2013-12-13 10:08:44",NULL,0,2,2,2,0,"nn",41.8231,NULL,0,4,237,14,1363,0,0,0,8,NULL,NULL,0,0,0,0,1,18,15,3,0,"NRK Møre og Romsdal","NA","NA",0,181178,23321,"ny2013"
"http://www.nrk.no/mr/i-dag-er-det-luciafeiring-1.11415982","http://www.nrk.no/mr/1.11415982","– Spesielt jentene gler seg til denne dagen","2013-12-13 11:02:47",NULL,0,2,2,2,0,"nn",45.6547,NULL,0,0,213,11,1226,0,0,0,9,NULL,NULL,0,1,0,0,2,15,15,0,0,"NRK Møre og Romsdal","NA","NA",0,181178,23310,"ny2013"
"http://www.nrk.no/nordland/domt-for-sovevoldtekt-1.11415765","http://www.nrk.no/nordland/1.11415765","Dømt for voldtekt av sovende kvinne","2013-12-13 09:43:42",NULL,0,2,2,2,0,"no",40.3952,NULL,0,0,332,20,1854,0,0,0,8,NULL,NULL,0,0,0,0,1,6,6,0,0,"NRK Nordland","NA","NA",0,181178,20515,"ny2013"
"http://www.nrk.no/nordland/kolonnekjoring-pa-bjornfjell-1.11415951","http://www.nrk.no/nordland/1.11415951","Kolonnekjøring på Bjørnfjell - Nordland","2013-12-13 10:24:36",NULL,0,1,1,1,0,"no",50.5789,NULL,0,0,19,1,119,0,0,0,4,NULL,NULL,0,0,0,0,0,6,6,0,0,"NRK Nordland","NA","NA",0,181178,20186,"nrk_alfa"
"http://www.nrk.no/nordland/gunn-ovesen-fratrer-i-innovasjon-norge-1.11415941","http://www.nrk.no/nordland/1.11415941","Gunn Ovesen fratrer i Innovasjon Norge - Nordland","2013-12-13 10:14:42",NULL,0,1,1,1,0,"nb",48.5,"(NTB)",0,0,25,2,164,0,0,0,4,NULL,NULL,0,0,0,0,0,6,6,0,0,"NRK Nordland","NA","NA",0,181178,20186,"nrk_alfa"
"http://www.nrk.no/nordland/coop-og-rema-vil-innlede-innkjopssamarbeid-1.11415934","http://www.nrk.no/nordland/1.11415934","Coop og Rema vil innlede innkjøpssamarbeid - Nordland","2013-12-13 10:11:36",NULL,0,1,1,1,0,"no",38.0806,"(NTB)",0,0,31,2,185,0,0,0,4,NULL,NULL,0,0,0,0,0,6,6,0,0,"NRK Nordland","NA","NA",0,181178,20186,"nrk_alfa"
"http://www.nrk.no/nordland/ekstremvaeret-_hilde_-kostet-300-millioner-1.11415929","http://www.nrk.no/nordland/1.11415929","Ekstremværet «Hilde» kostet 300 millioner - Nordland","2013-12-13 10:10:22",NULL,0,1,1,1,0,"no",45.3158,NULL,0,0,38,2,262,0,0,0,4,NULL,NULL,0,0,0,0,0,6,6,0,0,"NRK Nordland","NA","NA",0,181178,20186,"nrk_alfa"
"http://www.nrk.no/nordland/1.11415641","http://www.nrk.no/nordland/1.11415641","Nordland","2013-12-13 10:08:30",NULL,0,1,1,1,0,"no",35.5714,NULL,0,1,7,1,46,0,0,0,4,NULL,NULL,0,0,0,0,1,6,6,0,0,"NRK Nordland","NA","NA",0,181178,20307,"nrk_alfa"
"http://www.nrk.no/nordland/1.11415951","http://www.nrk.no/nordland/1.11415951","Kolonnekjøring på Bjørnfjell - Nordland","2013-12-13 10:24:36",NULL,0,1,1,1,0,"no",50.5789,NULL,0,0,19,1,119,0,0,0,4,NULL,NULL,0,0,0,0,0,6,6,0,0,"NRK Nordland","NA","NA",0,181178,20186,"nrk_alfa"
"http://www.nrk.no/nordland/1.11415941","http://www.nrk.no/nordland/1.11415941","Gunn Ovesen fratrer i Innovasjon Norge - Nordland","2013-12-13 10:14:42",NULL,0,1,1,1,0,"nb",48.5,"(NTB)",0,0,25,2,164,0,0,0,4,NULL,NULL,0,0,0,0,0,6,6,0,0,"NRK Nordland","NA","NA",0,181178,20186,"nrk_alfa"
"http://www.nrk.no/nordland/1.11415934","http://www.nrk.no/nordland/1.11415934","Coop og Rema vil innlede innkjøpssamarbeid - Nordland","2013-12-13 10:11:36",NULL,0,1,1,1,0,"no",38.0806,"(NTB)",0,0,31,2,185,0,0,0,4,NULL,NULL,0,0,0,0,0,6,6,0,0,"NRK Nordland","NA","NA",0,181178,20186,"nrk_alfa"
"http://www.nrk.no/nordland/1.11415929","http://www.nrk.no/nordland/1.11415929","Ekstremværet «Hilde» kostet 300 millioner - Nordland","2013-12-13 10:10:22",NULL,0,1,1,1,0,"no",45.3158,NULL,0,0,38,2,262,0,0,0,4,NULL,NULL,0,0,0,0,0,6,6,0,0,"NRK Nordland","NA","NA",0,181178,20186,"nrk_alfa"
"http://www.nrk.no/nordnytt/utvider-byen-med-2-millioner-kvm-1.11415535","http://www.nrk.no/nordnytt/1.11415535","Skal utvide byen med to millioner kvadratmeter","2013-12-13 06:57:34","2013-12-13 08:04:55",0,2,2,2,0,"no",47.3761,NULL,0,6,692,34,4050,0,0,0,9,NULL,NULL,1,0,0,0,3,9,6,3,0,"NRK Troms og Finnmark","NA","NA",0,181178,21530,"ny2013"
"http://www.nrk.no/nyheter/distrikt/more_og_romsdal/1.11415843","http://www.nrk.no/mr/1.11415843","Fengsla i fire veker etter bussran","2013-12-13 10:08:44",NULL,0,2,2,2,0,"nn",41.8231,NULL,0,4,237,14,1363,0,0,0,8,NULL,NULL,0,0,0,0,1,18,15,3,0,"NA","NA","Distrikt",0,181178,23321,"ny2013"
