"id","url","url_self_link","title","full_text","publication_date","update_date","scrape_date","share_fb_like","share_fb_share","share_googleplus","share_twitter","share_others","article_language","lesbahet","news_bureau","external_links","internal_links","word_count","line_count","char_count","factbox","comment_fields","comment_number","interactive_elements","poll","game","video_files","video_files_nrk","flash_file","image_collection","images","image_captions","related_stories","related_stories_box_thematic","related_stories_box_les","map","regional_office","program_related","main_news_category","iframe","css","js","template","autor_id","url","name","email","role"
30,"http://www.nrk.no/trondelag/anmelder-marine-harvest-1.11416087","http://www.nrk.no/trondelag/1.11416087","Anmelder Marine Harvest - NRK – Trøndelag","Anmelder Marine Harvest
Fiskeridirektoratet har anmeldt oppdrettsanleget til Marine Harvest utenfor Leka. Årsaken er at seksti tusen laks rømte i forrige måned, skriver Dagens Næringsliv.","2013-12-13 12:50:09",NULL,"2014-03-27 18:00:54",0,1,1,1,0,"no",55.3077,NULL,0,0,26,2,187,0,0,0,4,NULL,NULL,0,0,0,0,0,"",6,6,0,0,"NRK Trøndelag","NA","NA",0,181178,20880,"nrk_alfa",NULL,NULL,NULL,NULL,NULL
31,"http://www.nrk.no/trondelag/brannen-er-en-ulmebrann-1.11416336","http://www.nrk.no/trondelag/1.11416336","Brannen er en ulmebrann - NRK – Trøndelag","Brannen er en ulmebrann
Brannvesenet har ikke kontroll på brannen, melder 110-operatør Frank Hansen på brannvakta.","2013-12-13 12:41:10",NULL,"2014-03-27 18:00:55",0,1,1,1,0,"nb",58.1765,NULL,0,0,17,1,114,0,0,0,4,NULL,NULL,0,0,0,0,0,"",6,6,0,0,"NRK Trøndelag","NA","NA",0,181178,20880,"nrk_alfa",NULL,NULL,NULL,NULL,NULL
32,"http://www.nrk.no/trondelag/det-brenner-pa-mollenberg-1.11416330","http://www.nrk.no/trondelag/1.11416330","Det brenner på Møllenberg - NRK – Trøndelag","Det brenner på Møllenberg
To brannbiler har rykket ut til en brann som er meldt i Nedre Møllenberg gate.","2013-12-13 12:39:35",NULL,"2014-03-27 18:00:57",0,1,1,1,0,"no",40,NULL,0,0,20,1,104,0,0,0,4,NULL,NULL,0,0,0,0,0,"",6,6,0,0,"NRK Trøndelag","NA","NA",0,181178,20880,"nrk_alfa",NULL,NULL,NULL,NULL,NULL
33,"http://www.nrk.no/trondelag/8-000-stromlose-i-sor-trondelag-1.11415959","http://www.nrk.no/trondelag/1.11415959","8 000 strømløse i Sør-Trøndelag - NRK – Trøndelag","8 000 strømløse i Sør-Trøndelag
8 000 kunder er fortsatt strømløse, det melder TrønderEnergi. Noen kunder må belage seg på flere døgn uten strøm. Proffesjonelle skogryddere og montører fra andre e-verk er leid inn i oppryddingsarbeidet.","2013-12-13 13:06:33",NULL,"2014-03-27 18:00:59",0,1,1,1,0,"no",36.6577,NULL,0,0,37,3,236,0,0,0,4,NULL,NULL,0,0,0,0,0,"",6,6,0,0,"NRK Trøndelag","NA","NA",0,181178,21278,"nrk_alfa",NULL,NULL,NULL,NULL,NULL
34,"http://www.nrk.no/trondelag/stor-aktivitet-pa-kvaerner-verdal-1.11416377","http://www.nrk.no/trondelag/1.11416377","Stor aktivitet på Kværner Verdal - NRK – Trøndelag","Stor aktivitet på Kværner Verdal
600 ansatte er i ferd med å ferdigstille to nye Jacketer til plattformer i Nordsjøen. – Vi er i god rute og er ferdig i april, sier kommunikasjonssjef Tove Strand Trana.","2013-12-13 12:52:35",NULL,"2014-03-27 18:01:00",0,1,1,1,0,"no",40.1216,NULL,0,0,37,2,202,0,0,0,4,NULL,NULL,0,0,0,0,0,"",6,6,0,0,"NRK Trøndelag","NA","NA",0,181178,20880,"nrk_alfa",NULL,NULL,NULL,NULL,NULL
35,"http://www.nrk.no/trondelag/1.11415959","http://www.nrk.no/trondelag/1.11415959","8 000 strømløse i Sør-Trøndelag - NRK – Trøndelag","8 000 strømløse i Sør-Trøndelag
8 000 kunder er fortsatt strømløse, det melder TrønderEnergi. Noen kunder må belage seg på flere døgn uten strøm. Proffesjonelle skogryddere og montører fra andre e-verk er leid inn i oppryddingsarbeidet.","2013-12-13 13:06:33",NULL,"2014-03-27 18:01:00",0,1,1,1,0,"no",36.6577,NULL,0,0,37,3,236,0,0,0,4,NULL,NULL,0,0,0,0,0,"",6,6,0,0,"NRK Trøndelag","NA","NA",0,181178,21278,"nrk_alfa",NULL,NULL,NULL,NULL,NULL
36,"http://www.nrk.no/trondelag/1.11416377","http://www.nrk.no/trondelag/1.11416377","Stor aktivitet på Kværner Verdal - NRK – Trøndelag","Stor aktivitet på Kværner Verdal
600 ansatte er i ferd med å ferdigstille to nye Jacketer til plattformer i Nordsjøen. – Vi er i god rute og er ferdig i april, sier kommunikasjonssjef Tove Strand Trana.","2013-12-13 12:52:35",NULL,"2014-03-27 18:01:02",0,1,1,1,0,"no",40.1216,NULL,0,0,37,2,202,0,0,0,4,NULL,NULL,0,0,0,0,0,"",6,6,0,0,"NRK Trøndelag","NA","NA",0,181178,20880,"nrk_alfa",NULL,NULL,NULL,NULL,NULL
37,"http://www.nrk.no/trondelag/1.11416087","http://www.nrk.no/trondelag/1.11416087","Anmelder Marine Harvest - NRK – Trøndelag","Anmelder Marine Harvest
Fiskeridirektoratet har anmeldt oppdrettsanleget til Marine Harvest utenfor Leka. Årsaken er at seksti tusen laks rømte i forrige måned, skriver Dagens Næringsliv.","2013-12-13 12:50:09",NULL,"2014-03-27 18:01:03",0,1,1,1,0,"no",55.3077,NULL,0,0,26,2,187,0,0,0,4,NULL,NULL,0,0,0,0,0,"",6,6,0,0,"NRK Trøndelag","NA","NA",0,181178,20880,"nrk_alfa",NULL,NULL,NULL,NULL,NULL
38,"http://www.nrk.no/trondelag/1.11416336","http://www.nrk.no/trondelag/1.11416336","Brannen er en ulmebrann - NRK – Trøndelag","Brannen er en ulmebrann
Brannvesenet har ikke kontroll på brannen, melder 110-operatør Frank Hansen på brannvakta.","2013-12-13 12:41:10",NULL,"2014-03-27 18:01:05",0,1,1,1,0,"nb",58.1765,NULL,0,0,17,1,114,0,0,0,4,NULL,NULL,0,0,0,0,0,"",6,6,0,0,"NRK Trøndelag","NA","NA",0,181178,20880,"nrk_alfa",NULL,NULL,NULL,NULL,NULL
39,"http://www.nrk.no/trondelag/1.11416330","http://www.nrk.no/trondelag/1.11416330","Det brenner på Møllenberg - NRK – Trøndelag","Det brenner på Møllenberg
To brannbiler har rykket ut til en brann som er meldt i Nedre Møllenberg gate.","2013-12-13 12:39:35",NULL,"2014-03-27 18:01:07",0,1,1,1,0,"no",40,NULL,0,0,20,1,104,0,0,0,4,NULL,NULL,0,0,0,0,0,"",6,6,0,0,"NRK Trøndelag","NA","NA",0,181178,20880,"nrk_alfa",NULL,NULL,NULL,NULL,NULL
41,"http://www.nrk.no/sport/1.11416222","http://www.nrk.no/sport/1.11416222","Fotballjentene hopper på rankingen - Sport","Fotballjentene hopper på rankingen
Tre strake seirer i VM-kvalifiseringen har løftet Norges fotballandslag for kvinner til 8.-plass (før 10.-plass) på FIFA-rankingen. Det er den beste plasseringen siden november 2010, ifølge FIFAs nettsider. USA topper rankingen foran Tyskland og Japan.","2013-12-13 12:43:15",NULL,"2014-03-27 18:01:09",0,1,1,1,0,"no",45.374,NULL,1,0,41,3,287,0,0,0,4,NULL,NULL,0,0,0,0,0,"",0,0,0,0,"NA","NA","Sport",0,183190,19378,"nrk_alfa",NULL,NULL,NULL,NULL,NULL
43,"http://www.nrk.no/nyheter/1.11415996","http://www.nrk.no/nyheter/1.11415996","DIREKTE: Kai Eide møter pressen i Kongo - NRK Nyheter","DIREKTE: Kai Eide møter pressen i Kongo
Spesialutsending Kai Eide møter.pressen i Kinshasa i Kongo. Eide har i dag møtt Joshua French i fengselet.","2013-12-13 12:29:33",NULL,"2014-03-27 18:01:12",0,1,1,1,0,"no",36.5,NULL,0,0,25,2,146,0,0,0,5,NULL,NULL,0,1,0,0,1,"",3,3,0,0,"NA","NA","NA",0,184903,24886,"nrk_alfa",NULL,NULL,NULL,NULL,NULL
44,"http://www.nrk.no/sorlandet/verner-skog-1.11416406","http://www.nrk.no/sorlandet/1.11416406","Verner skog - NRK – Sørlandet","Verner skog
Regjeringen verner Ytre Lauvrak naturreservat i Froland. Området består av mange gamle edelløvtrær som lind, eik og alm og det er en rekke truede arter av sopp, lav og insekter i denne skogen.","2013-12-13 12:59:52",NULL,"2014-03-27 18:01:12",0,1,1,1,0,"no",37.4444,NULL,0,0,36,2,204,0,0,0,4,NULL,NULL,0,0,0,0,0,"",9,9,0,0,"NRK Sørlandet","NA","NA",0,181178,21436,"nrk_alfa",NULL,NULL,NULL,NULL,NULL
45,"http://www.nrk.no/sorlandet/advarer-mot-glatte-veier-1.11416271","http://www.nrk.no/sorlandet/1.11416271","Advarer mot glatte veier - NRK – Sørlandet","Advarer mot glatte veier
Meteorologisk institutt advarer mot fare for glatte veier. Det er fare for at nedbør kan fryse på bakken i indre strøk i ettermiddag.","2013-12-13 12:54:09",NULL,"2014-03-27 18:01:13",0,1,1,1,0,"nb",31.8571,NULL,0,0,28,2,158,0,0,0,4,NULL,NULL,0,0,0,0,0,"",9,9,0,0,"NRK Sørlandet","NA","NA",0,181178,21436,"nrk_alfa",NULL,NULL,NULL,NULL,NULL
46,"http://www.nrk.no/sorlandet/27-mister-jobben-1.11416394","http://www.nrk.no/sorlandet/1.11416394","27 mister jobben - NRK – Sørlandet","27 mister jobben
Direktoratet for økonomistyring sin avdeling i Kristiansand og fire andre byer blir lagt ned. Det opplyser både Sosialistisk Venstreparti og Arbeiderpartiet etter behandling av saken i Stortinget i dag. Totalt gjelder dette 139 arbeidsplasser.","2013-12-13 13:09:24",NULL,"2014-03-27 18:01:13",0,1,1,1,0,"no",44.2456,NULL,0,0,38,3,260,0,0,0,4,NULL,NULL,0,0,0,0,0,"",9,9,0,0,"NRK Sørlandet","NA","NA",0,181178,21436,"nrk_alfa",NULL,NULL,NULL,NULL,NULL
47,"http://www.nrk.no/sorlandet/1.11416394","http://www.nrk.no/sorlandet/1.11416394","27 mister jobben - NRK – Sørlandet","27 mister jobben
Direktoratet for økonomistyring sin avdeling i Kristiansand og fire andre byer blir lagt ned. Det opplyser både Sosialistisk Venstreparti og Arbeiderpartiet etter behandling av saken i Stortinget i dag. Totalt gjelder dette 139 arbeidsplasser.","2013-12-13 13:09:24",NULL,"2014-03-27 18:01:14",0,1,1,1,0,"no",44.2456,NULL,0,0,38,3,260,0,0,0,4,NULL,NULL,0,0,0,0,0,"",9,9,0,0,"NRK Sørlandet","NA","NA",0,181178,21436,"nrk_alfa",NULL,NULL,NULL,NULL,NULL
48,"http://www.nrk.no/sorlandet/1.11416406","http://www.nrk.no/sorlandet/1.11416406","Verner skog - NRK – Sørlandet","Verner skog
Regjeringen verner Ytre Lauvrak naturreservat i Froland. Området består av mange gamle edelløvtrær som lind, eik og alm og det er en rekke truede arter av sopp, lav og insekter i denne skogen.","2013-12-13 12:59:52",NULL,"2014-03-27 18:01:16",0,1,1,1,0,"no",37.4444,NULL,0,0,36,2,204,0,0,0,4,NULL,NULL,0,0,0,0,0,"",9,9,0,0,"NRK Sørlandet","NA","NA",0,181178,21436,"nrk_alfa",NULL,NULL,NULL,NULL,NULL
49,"http://www.nrk.no/sorlandet/1.11416271","http://www.nrk.no/sorlandet/1.11416271","Advarer mot glatte veier - NRK – Sørlandet","Advarer mot glatte veier
Meteorologisk institutt advarer mot fare for glatte veier. Det er fare for at nedbør kan fryse på bakken i indre strøk i ettermiddag.","2013-12-13 12:54:09",NULL,"2014-03-27 18:01:17",0,1,1,1,0,"nb",31.8571,NULL,0,0,28,2,158,0,0,0,4,NULL,NULL,0,0,0,0,0,"",9,9,0,0,"NRK Sørlandet","NA","NA",0,181178,21436,"nrk_alfa",NULL,NULL,NULL,NULL,NULL
51,"http://www.nrk.no/rogaland/150-i-erstatningsko-1.11416167","http://www.nrk.no/rogaland/1.11416167","150 i erstatningskø - NRK – Rogaland","150 i erstatningskø
Rundt 150 tidligere tannlegeassistenter står i kø for å få erstatning for kvikksølvskader, etter at 72 år gamle Bertha Regine Serigstad fra Stavanger vant fram i Høyesterett. – Nå må arbeidsministeren ta tak i dette, slik at de andre i køen får rask hjelp, sier tannlegesekretærenes leder, Gerd Bang-Johansen.","2013-12-13 12:57:01",NULL,"2014-03-27 18:02:57",0,1,1,1,0,"no",47.2547,NULL,0,1,53,2,329,0,0,0,4,NULL,NULL,0,0,0,0,0,"",3,3,0,0,"NRK Rogaland","NA","NA",0,181178,19823,"nrk_alfa",NULL,NULL,NULL,NULL,NULL
52,"http://www.nrk.no/rogaland/1.11416167","http://www.nrk.no/rogaland/1.11416167","150 i erstatningskø - NRK – Rogaland","150 i erstatningskø
Rundt 150 tidligere tannlegeassistenter står i kø for å få erstatning for kvikksølvskader, etter at 72 år gamle Bertha Regine Serigstad fra Stavanger vant fram i Høyesterett. – Nå må arbeidsministeren ta tak i dette, slik at de andre i køen får rask hjelp, sier tannlegesekretærenes leder, Gerd Bang-Johansen.","2013-12-13 12:57:01",NULL,"2014-03-27 18:02:59",0,1,1,1,0,"no",47.2547,NULL,0,1,53,2,329,0,0,0,4,NULL,NULL,0,0,0,0,0,"",3,3,0,0,"NRK Rogaland","NA","NA",0,181178,19823,"nrk_alfa",NULL,NULL,NULL,NULL,NULL
54,"http://www.nrk.no/ostlandssendingen/stengt-mellom-okernrysset-og-sinsen-1.11416353","http://www.nrk.no/ostlandssendingen/1.11416353","Stengt mellom Økernrysset og Sinsen - NRK – Østlandssendingen","Stengt mellom Økernrysset og Sinsen
Fram til søndag blir strekningen på Ring 3 mellom Sinsenkrysset og Økernkrysset stengt mellom klokken 21.00 og 05.30. Veien stenges på grunn av arbeid som skal være ferdig mandag morgen.","2013-12-13 12:46:03",NULL,"2014-03-27 18:03:01",0,1,1,1,0,"no",34.6667,NULL,0,0,36,2,222,0,0,0,4,NULL,NULL,0,0,0,0,0,"",6,6,0,0,"NRK Østlandssendingen","NA","NA",0,181178,20388,"nrk_alfa",NULL,NULL,NULL,NULL,NULL
55,"http://www.nrk.no/ostfold/verner-flere-skogsomrader-1.11416316","http://www.nrk.no/ostfold/1.11416316","Verner flere skogsområder","Foto: Lise Åserud / Scanpix






Verner flere skogsområder 


Regjeringen verner fire nye skogområder i fylkene Østfold, Oppland og Aust-Agder.






Områdene omfatter ca. 17 km² nytt verneareal, hvorav ca. 13 km² er produktiv skog. Områdene inngår i arbeidet med frivillig skogvern.
– Dette er en stor dag for naturmangfoldet. Skogvern er et viktig virkemiddel, fordi rundt halvparten av våre truede arter lever i skog, sier klima- og miljøvernminister Tine Sundtoft.
Økte bevilgningen til skogvern
Hele 50 prosent av artene som i Norsk rødliste 2010 er klassifisert som truede eller nær truede lever i skog, og for mange av disse er skogbruk en negativ påvirkningsfaktor. Vernet av skogområder skal sikre truede arter og naturtyper i norsk skog og bidra til et representativt vern av skogtyper. Norge har stor variasjon av skogtyper, også typer som er internasjonalt sjeldne, skriver miljøverndepartementet i en pressemelding.
– Høyre/Frp-regjeringen økte bevilgningen til frivillig skogvern med 100 mill. sammenlignet med fjoråret. Vi prioriterer arbeidet med naturmangfold, sier Sundtoft.
De fire områdene inngår i arbeidet med frivillig skogvern på privat grunn. To av områdene er utvidelser av eksisterende naturreservater.
Interessen for frivillig skogvern har de siste årene økt, og det pågår vernearbeid for et stort antall områder. Vernevedtaket i dag vil redusere køen av områder hvor det er inngått avtaler med skogeierne om frivillig skogvern. I tillegg er det planlagt vernevedtak for et stort antall frivillig vern-områder tidlig i 2014. Hittil er ca. 2,5 prosent av den produktive skogen i Norge vernet.
– Områdene som nå er vernet vil sikre viktige leveområder for et stort antall truede og nær truede arter, sier Sundtoft.
De vernede områdene:

Strønes naturreservat i Trøgstad kommune i Østfold fylke er et skogkledd ravinelandskap med edellauvskog og granskog. Her fins blant annet Østfolds største sammenhengende parti med alm-lindeskog og gråor-askeskog.
Fjella naturreservat i Rakkestad og Marker kommuner i Østfold fylke er et stort område på hele 17 kvadratkilometer med gammel gran- og furuskog og hvor det også er store vernekvaliteter knyttet til myrer. Myrene og furuskogen er blant annet levested for flere fuglearter, bl.a. nattravn, trane, storfugl og jerpe.
Nordre Brynsåa naturreservat i Øyer kommune i Oppland fylke er en viktig bekkekløft, en skogtype Norge har et internasjonalt ansvar for. Her fins blant annet sjeldne skogtyper som boreal regnskog, høgstaudeskog og rik lågurtskog, og en artsrik og frodig karplanteflora med bl.a. \"huldreplanten\" skogranke.
Ytre Lauvrak naturreservat i Froland kommune i Aust-Agder fylke har en sjeldent stor og variert forekomst av gamle, grove edelløvtrær som lind, eik og alm. Her lever rike forekomster av en rekke trua arter særlig av sopp, lav og insekter.","2013-12-13 12:50:48",NULL,"2014-03-27 18:03:01",0,2,2,2,0,"no",46.1986,NULL,1,0,441,31,2836,0,0,0,8,NULL,NULL,0,0,0,0,1,"Illustrasjonsbilde - Foto: Lise Åserud / Scanpix | Glomma | Helge Johansen har strikket i 30 år. Resultatet er verdens lengste skjerf på nesten fem kilometer. | Daglig leder Marthe Røsnæs - Marthe Røsnæs (23) driver et bilopphuggeri sammen med søsteren. De blir ofte møtt med fordommer. - Foto: Per-Jørgen Olsen / NRK | Stakk av fra beslag - Dette bildet tok Tollvesenet av bilen og varene som ble beslaglagt. - Foto: Tollvesenet /  | Tom Russell - TILBAKE I HALDEN. Tom Russel starter sin mini-turne med Det Norske Blåseensemble i morgen. - Foto: Drew Reynolds /  | Trafikkulykke i Sarpsborg - Tre biler var involvert i trafikkulykken. - Foto: Lotte Olsen/NRK /  | VognalliansenNRK | Klipp fra arkivskuffen 2001 | Saueeier og NRK-reporter på historisk skitur på Søndre Søster.",9,6,3,0,"NRK Østfold","NA","NA",0,181178,21191,"ny2013",NULL,NULL,NULL,NULL,NULL
56,"http://www.nrk.no/ostfold/beslagla-13-liter-brennevin-1.11416290","http://www.nrk.no/ostfold/1.11416290","Beslagla 13 liter brennevin - Østfold","Beslagla 13 liter brennevin
Tollvesenet melder at de under kontroll av et polsk kjøretøy avdekket ca. 13 liter brennevin, ca. 2 liter vin og 600 sigaretter. Sak er opprettet på den polske sjåføren.","2013-12-13 12:59:40",NULL,"2014-03-27 18:03:02",0,1,1,1,0,"no",37.9118,NULL,0,0,34,4,197,0,0,0,4,NULL,NULL,0,0,0,0,0,"",6,6,0,0,"NRK Østfold","NA","NA",0,181178,20620,"nrk_alfa",NULL,NULL,NULL,NULL,NULL
57,"http://www.nrk.no/ostfold/domt-etter-trafikkulykke-1.11416300","http://www.nrk.no/ostfold/1.11416300","Dømt etter trafikkulykke - Østfold","Dømt etter trafikkulykke
En 20 år gammel mann fra Sarpsborg er dømt for uaktsom kjøring, etter at han kjørte på en syklist på Osloveien i Moss i september. Sarpsborg tingrett har dømt mannen til å betale en bot på 8400 kroner. 20 åringen mistet førerkortet for tre måneder. Han må ta full førerprøve på nytt for å få tilbake førerkortet, fordi det er mindre enn to år siden han tok førerkortet.","2013-12-13 12:22:42",NULL,"2014-03-27 18:03:03",0,1,1,1,0,"no",40.2222,NULL,0,0,72,4,394,0,0,0,4,NULL,NULL,0,0,0,0,0,"",6,6,0,0,"NRK Østfold","NA","NA",0,181178,20620,"nrk_alfa",NULL,NULL,NULL,NULL,NULL
58,"http://www.nrk.no/ostfold/trafikken-ledes-inn-pa-gamle-e6-1.11416289","http://www.nrk.no/ostfold/1.11416289","Trafikken ledes inn på gamle E6 - Østfold","Trafikken ledes inn på gamle E6
Trafikken i retning Oslo ledes inn på Gamle E6 mellom Hølen og Vestby. Årsaken er at et vogntog har truffet utstyr i taket i Follotunnelen. Dette har skadet åtte biler.","2013-12-13 12:16:04",NULL,"2014-03-27 18:03:03",0,1,1,1,0,"no",31.2523,NULL,0,0,37,3,200,0,0,0,4,NULL,NULL,0,0,0,0,0,"",6,6,0,0,"NRK Østfold","NA","NA",0,181178,20620,"nrk_alfa",NULL,NULL,NULL,NULL,NULL
59,"http://www.nrk.no/ostfold/1.11416290","http://www.nrk.no/ostfold/1.11416290","Beslagla 13 liter brennevin - Østfold","Beslagla 13 liter brennevin
Tollvesenet melder at de under kontroll av et polsk kjøretøy avdekket ca. 13 liter brennevin, ca. 2 liter vin og 600 sigaretter. Sak er opprettet på den polske sjåføren.","2013-12-13 12:59:40",NULL,"2014-03-27 18:03:04",0,1,1,1,0,"no",37.9118,NULL,0,0,34,4,197,0,0,0,4,NULL,NULL,0,0,0,0,0,"",6,6,0,0,"NRK Østfold","NA","NA",0,181178,20620,"nrk_alfa",NULL,NULL,NULL,NULL,NULL
60,"http://www.nrk.no/ostfold/1.11416300","http://www.nrk.no/ostfold/1.11416300","Dømt etter trafikkulykke - Østfold","Dømt etter trafikkulykke
En 20 år gammel mann fra Sarpsborg er dømt for uaktsom kjøring, etter at han kjørte på en syklist på Osloveien i Moss i september. Sarpsborg tingrett har dømt mannen til å betale en bot på 8400 kroner. 20 åringen mistet førerkortet for tre måneder. Han må ta full førerprøve på nytt for å få tilbake førerkortet, fordi det er mindre enn to år siden han tok førerkortet.","2013-12-13 12:22:42",NULL,"2014-03-27 18:03:05",0,1,1,1,0,"no",40.2222,NULL,0,0,72,4,394,0,0,0,4,NULL,NULL,0,0,0,0,0,"",6,6,0,0,"NRK Østfold","NA","NA",0,181178,20620,"nrk_alfa",NULL,NULL,NULL,NULL,NULL
61,"http://www.nrk.no/ostfold/1.11416289","http://www.nrk.no/ostfold/1.11416289","Trafikken ledes inn på gamle E6 - Østfold","Trafikken ledes inn på gamle E6
Trafikken i retning Oslo ledes inn på Gamle E6 mellom Hølen og Vestby. Årsaken er at et vogntog har truffet utstyr i taket i Follotunnelen. Dette har skadet åtte biler.","2013-12-13 12:16:04",NULL,"2014-03-27 18:03:07",0,1,1,1,0,"no",31.2523,NULL,0,0,37,3,200,0,0,0,4,NULL,NULL,0,0,0,0,0,"",6,6,0,0,"NRK Østfold","NA","NA",0,181178,20620,"nrk_alfa",NULL,NULL,NULL,NULL,NULL
62,"http://www.nrk.no/telemark/kristin-halvorsen-skal-lede-nemnd-1.11416416","http://www.nrk.no/telemark/1.11416416","Kristin Halvorsen skal lede nemnd - Telemark","Kristin Halvorsen skal lede nemnd
Kristin Halvorsen fra Porsgrunn er utnevnt til leder for Bioteknologinemnda. Den tidligere kunnskapsministeren og finansministeren skal lede nemnda fra 1. januar 2014 til 31. desember 2017. Bioteknologinemnda er et rådgivende organ for regjeringa.","2013-12-13 13:05:30",NULL,"2014-03-27 18:03:09",0,1,1,1,0,"no",48.8974,NULL,0,0,39,3,281,0,0,0,4,NULL,NULL,0,0,0,0,0,"",6,6,0,0,"NA","NA","NA",0,181178,20379,"nrk_alfa",NULL,NULL,NULL,NULL,NULL
63,"http://www.nrk.no/telemark/1.11416416","http://www.nrk.no/telemark/1.11416416","Kristin Halvorsen skal lede nemnd - Telemark","Kristin Halvorsen skal lede nemnd
Kristin Halvorsen fra Porsgrunn er utnevnt til leder for Bioteknologinemnda. Den tidligere kunnskapsministeren og finansministeren skal lede nemnda fra 1. januar 2014 til 31. desember 2017. Bioteknologinemnda er et rådgivende organ for regjeringa.","2013-12-13 13:05:30",NULL,"2014-03-27 18:03:10",0,1,1,1,0,"no",48.8974,NULL,0,0,39,3,281,0,0,0,4,NULL,NULL,0,0,0,0,0,"",6,6,0,0,"NA","NA","NA",0,181178,20379,"nrk_alfa",NULL,NULL,NULL,NULL,NULL
73,"http://www.nrk.no/nyheter/flere-moter-med-kongo-myndigheter-i-dag-1.11416241","http://www.nrk.no/nyheter/1.11416241","Flere møter med Kongo-myndigheter i dag - NRK Nyheter","Flere møter med Kongo-myndigheter i dag
UDs spesialutsending Kai Eide sier at han skal ha flere møter med kongolesiske myndigheter på høyt plan i dag. Norge samarbeider også med britiske myndigheter.","2013-12-13 13:03:35",NULL,"2014-03-27 18:03:17",0,1,1,1,0,"no",37.875,NULL,0,0,32,2,199,0,0,0,4,NULL,NULL,0,0,0,0,0,"",3,3,0,0,"NA","NA","NA",0,184903,24534,"nrk_alfa",NULL,NULL,NULL,NULL,NULL
74,"http://www.nrk.no/nyheter/1.11416373","http://www.nrk.no/nyheter/1.11416373","NRK Nyheter","Regjeringen beklager tolketabbe overfor døve




Se video","2013-12-13 13:00:35",NULL,"2014-03-27 18:03:18",0,1,1,1,0,"nb",58,NULL,0,1,8,1,57,0,0,0,5,NULL,NULL,0,1,0,0,1,"",3,3,0,0,"NA","NA","NA",0,184903,24257,"nrk_alfa",NULL,NULL,NULL,NULL,NULL
75,"http://www.nrk.no/nyheter/1.11416399","http://www.nrk.no/nyheter/1.11416399","NRK Nyheter","Nav snur om enkepensjonen: Alle får det de har krav på




Se video","2013-12-13 12:58:00",NULL,"2014-03-27 18:03:19",0,1,1,1,0,"no",21.1429,NULL,0,1,14,1,67,0,0,0,4,NULL,NULL,0,0,0,0,1,"",3,3,0,0,"NA","NA","NA",0,184903,24257,"nrk_alfa",NULL,NULL,NULL,NULL,NULL
76,"http://www.nrk.no/nyheter/--ud-gjor-det-vi-kan-1.11416388","http://www.nrk.no/nyheter/1.11416388","- UD gjør det vi kan - NRK Nyheter","- UD gjør det vi kan
– Jeg skal møte kongolesiske og internasjonale representanter de neste dagene. Min strategi for å få Joshua French ut av fengsel i Kongo vil jeg holde for meg selv, sier spesialutsending Kai Eide.","2013-12-13 12:55:14",NULL,"2014-03-27 18:03:19",0,1,1,1,0,"no",34.8846,NULL,0,0,39,2,217,0,0,0,4,NULL,NULL,0,0,0,0,0,"",3,3,0,0,"NA","NA","NA",0,184903,24534,"nrk_alfa",NULL,NULL,NULL,NULL,NULL
77,"http://www.nrk.no/nyheter/--lang-og-god-samtale-med-french-1.11416352","http://www.nrk.no/nyheter/1.11416352","- Lang og god samtale med French - NRK Nyheter","Foto: Øyvind Rønning Nyborg / NRK




- Lang og god samtale med French
Spesialutsending Kai Eide sier til NRK at han nå har hatt en lang og god samtale med Joshua French i fengselet i Kongo. - Han ser godt ut og er ved godt mot under omstendighetene, sier Eide.","2013-12-13 12:51:34",NULL,"2014-03-27 18:03:20",0,1,1,1,0,"no",39.2255,NULL,0,0,51,2,261,0,0,0,4,NULL,NULL,0,0,0,0,1,"",3,3,0,0,"NA","NA","NA",0,184903,24655,"nrk_alfa",NULL,NULL,NULL,NULL,NULL
78,"http://www.nrk.no/nyheter/bankene-er-bedre-rustet-1.11416326","http://www.nrk.no/nyheter/1.11416326","Bankene er bedre rustet - NRK Nyheter","Bankene er bedre rustet
I en ny rapport gir Norges Bank ros til norske banker for at de er bedre rustet til å møte uro i finansmarkedet nå enn før finanskrisen. Sentralbanken sier samtidig at de er et stykke unna å oppfylle de internasjonale kravene til likviditet, melder NTB.","2013-12-13 12:47:26",NULL,"2014-03-27 18:03:20",0,1,1,1,0,"no",45,NULL,0,0,50,2,277,0,0,0,4,NULL,NULL,0,0,0,0,0,"",3,3,0,0,"NA","NA","NA",0,184903,24136,"nrk_alfa",NULL,NULL,NULL,NULL,NULL
79,"http://www.nrk.no/nyheter/1.11416346","http://www.nrk.no/nyheter/1.11416346","NRK Nyheter","Snytes for lønn, trues og jobber uten kontrakt","2013-12-13 12:42:47",NULL,"2014-03-27 18:03:21",0,1,1,1,0,"no",20.5,NULL,0,1,8,1,46,0,0,0,4,NULL,NULL,0,0,0,0,1,"",3,3,0,0,"NA","NA","NA",0,184903,24257,"nrk_alfa",NULL,NULL,NULL,NULL,NULL
80,"http://www.nrk.no/nyheter/1.11416299","http://www.nrk.no/nyheter/1.11416299","NRK Nyheter","Tror han utførte ranet, men husker ingenting




Se video","2013-12-13 12:42:01",NULL,"2014-03-27 18:03:38",0,1,1,1,0,"nb",30,NULL,0,1,10,1,57,0,0,0,4,NULL,NULL,0,0,0,0,1,"",3,3,0,0,"NA","NA","NA",0,184903,24257,"nrk_alfa",NULL,NULL,NULL,NULL,NULL
81,"http://www.nrk.no/nyheter/taus-naeringsminister-om-rema-og-coop-1.11416201","http://www.nrk.no/nyheter/1.11416201","Taus næringsminister om Rema og Coop - NRK Nyheter","Taus næringsminister om Rema og Coop
– Jeg verken kan eller vil uttale meg om disse samarbeidsavtalene, skriver næringsminister Monica Mæland (H) i en e-post til NRK om Rema og Coop og Norgesgruppen og Ica sine planer om samarbeid.","2013-12-13 12:33:51",NULL,"2014-03-27 18:03:40",0,1,1,1,0,"no",55,NULL,0,0,40,1,231,0,0,0,4,NULL,NULL,0,0,0,0,0,"",3,3,0,0,"NA","NA","NA",0,184903,24534,"nrk_alfa",NULL,NULL,NULL,NULL,NULL
82,"http://www.nrk.no/nyheter/direkte_-kai-eide-moter-pressen-i-kongo-1.11415996","http://www.nrk.no/nyheter/1.11415996","DIREKTE: Kai Eide møter pressen i Kongo - NRK Nyheter","DIREKTE: Kai Eide møter pressen i Kongo
Spesialutsending Kai Eide møter.pressen i Kinshasa i Kongo. Eide har i dag møtt Joshua French i fengselet.","2013-12-13 12:29:33",NULL,"2014-03-27 18:03:40",0,1,1,1,0,"no",36.5,NULL,0,0,25,2,146,0,0,0,5,NULL,NULL,0,1,0,0,1,"",3,3,0,0,"NA","NA","NA",0,184903,24886,"nrk_alfa",NULL,NULL,NULL,NULL,NULL
83,"http://www.nrk.no/nyheter/20-millioner-til-beskyttelse-av-barn--1.11416296","http://www.nrk.no/nyheter/1.11416296","20 millioner til beskyttelse av barn - NRK Nyheter","20 millioner til beskyttelse av barn 
Norge gir 20 millioner kroner til FNs barnefond Unicef. Pengene skal gå til å hjelpe barn som er rammet av den væpnede konflikten i Den sentralafrikanske republikk.","2013-12-13 12:21:21",NULL,"2014-03-27 18:03:41",0,1,1,1,0,"no",43.4706,NULL,0,0,34,2,202,0,0,0,4,NULL,NULL,0,0,0,0,0,"",3,3,0,0,"NA","NA","NA",0,184903,24534,"nrk_alfa",NULL,NULL,NULL,NULL,NULL
84,"http://www.nrk.no/nyheter/blir-med-pa-fredagens-rundbordsamtaler-1.11416283","http://www.nrk.no/nyheter/1.11416283","Blir med på fredagens rundbordsamtaler - NRK Nyheter","Blir med på fredagens rundbordsamtaler
Den ukrainske opposisjonslederen Vitaly Klitschko sier nå ja til å være med på på samtaler med president Viktor Yanukovich, for å finne et kompromiss på konflikten i landet, melder Reuters.","2013-12-13 12:19:37",NULL,"2014-03-27 18:03:41",0,1,1,1,0,"no",66.5556,NULL,0,0,36,1,228,0,0,0,4,NULL,NULL,0,0,0,0,0,"",3,3,0,0,"NA","NA","NA",0,184903,24534,"nrk_alfa",NULL,NULL,NULL,NULL,NULL
85,"http://www.nrk.no/nordnytt/avklarer-bompenger-1.11416112","http://www.nrk.no/nordnytt/1.11416112","Avklarer bompenger - Troms og Finnmark","Avklarer bompenger
I løpet av kort tid skal Stortinget avgjøre om det kan kreves inn bompenger i Langsundforbindelsen. I går sa fylkestinget ja til bygging av både Langsund- og Bjarkøyforbindelsen med oppstart neste år. Bompenger skal bare kreves inn i Karlsøy, og ordfører Hanny Ditlevsen regner med at dette avgjøres raskt","2013-12-13 12:07:52",NULL,"2014-03-27 18:03:43",0,1,1,1,0,"no",48.1026,NULL,0,0,52,3,324,0,0,0,4,NULL,NULL,0,0,0,0,0,"",6,6,0,0,"NRK Troms og Finnmark","NA","NA",0,181178,20195,"nrk_alfa",NULL,NULL,NULL,NULL,NULL
86,"http://www.nrk.no/nordnytt/1.11416112","http://www.nrk.no/nordnytt/1.11416112","Avklarer bompenger - Troms og Finnmark","Avklarer bompenger
I løpet av kort tid skal Stortinget avgjøre om det kan kreves inn bompenger i Langsundforbindelsen. I går sa fylkestinget ja til bygging av både Langsund- og Bjarkøyforbindelsen med oppstart neste år. Bompenger skal bare kreves inn i Karlsøy, og ordfører Hanny Ditlevsen regner med at dette avgjøres raskt","2013-12-13 12:07:52",NULL,"2014-03-27 18:03:45",0,1,1,1,0,"no",48.1026,NULL,0,0,52,3,324,0,0,0,4,NULL,NULL,0,0,0,0,0,"",6,6,0,0,"NRK Troms og Finnmark","NA","NA",0,181178,20195,"nrk_alfa",NULL,NULL,NULL,NULL,NULL
87,"http://www.nrk.no/nordland/sjomatradet-vil-ha-dyrere-laks-1.11416291","http://www.nrk.no/nordland/1.11416291","Sjømatrådet vil ha dyrere laks - Nordland","Sjømatrådet vil ha dyrere laks
I dag koster det over 50 kroner per kilo for laks, men Sjømatrådet vil at det skal bli enda dyrere. Sjef i Sjømatrådet Terje Martinussen sier til Fiskeribladet Fiskaren at de ikke er fornøyd med dagens pris. Han mener mange kunder er villige til å betale mye for laksen og at prisen bør justeres opp til 55 kroner kiloet.","2013-12-13 12:18:06",NULL,"2014-03-27 18:03:46",0,1,1,1,0,"no",35.5128,NULL,0,0,65,3,352,0,0,0,4,NULL,NULL,0,0,0,0,0,"",6,6,0,0,"NRK Nordland","NA","NA",0,181178,20186,"nrk_alfa",NULL,NULL,NULL,NULL,NULL
89,"http://www.nrk.no/nordland/1.11416291","http://www.nrk.no/nordland/1.11416291","Sjømatrådet vil ha dyrere laks - Nordland","Sjømatrådet vil ha dyrere laks
I dag koster det over 50 kroner per kilo for laks, men Sjømatrådet vil at det skal bli enda dyrere. Sjef i Sjømatrådet Terje Martinussen sier til Fiskeribladet Fiskaren at de ikke er fornøyd med dagens pris. Han mener mange kunder er villige til å betale mye for laksen og at prisen bør justeres opp til 55 kroner kiloet.","2013-12-13 12:18:06",NULL,"2014-03-27 18:03:48",0,1,1,1,0,"no",35.5128,NULL,0,0,65,3,352,0,0,0,4,NULL,NULL,0,0,0,0,0,"",6,6,0,0,"NRK Nordland","NA","NA",0,181178,20186,"nrk_alfa",NULL,NULL,NULL,NULL,NULL
91,"http://www.nrk.no/ostlandssendingen/1.11416353","http://www.nrk.no/ostlandssendingen/1.11416353","Stengt mellom Økernrysset og Sinsen - NRK – Østlandssendingen","Stengt mellom Økernrysset og Sinsen
Fram til søndag blir strekningen på Ring 3 mellom Sinsenkrysset og Økernkrysset stengt mellom klokken 21.00 og 05.30. Veien stenges på grunn av arbeid som skal være ferdig mandag morgen.","2013-12-13 12:46:03",NULL,"2014-03-27 18:03:51",0,1,1,1,0,"no",34.6667,NULL,0,0,36,2,222,0,0,0,4,NULL,NULL,0,0,0,0,0,"",6,6,0,0,"NRK Østlandssendingen","NA","NA",0,181178,20388,"nrk_alfa",NULL,NULL,NULL,NULL,NULL
96,"http://www.nrk.no/sport/1.11416017","http://www.nrk.no/sport/1.11416017","Syk Hellner dropper Davos - Sport","Syk Hellner dropper Davos
Marcus Hellner sliter med irriterte og såre luftveier og har bestemt seg for å stå over lørdagens verdenscuprenn i langrenn i Davos. skriver NTB. I Davos var planen at Hellner skulle gå både lørdagens 30 kilometer og søndagens sprint.","2013-12-13 11:47:49",NULL,"2014-03-27 18:03:57",0,1,1,1,0,"no",46.4848,NULL,0,0,44,3,260,0,0,0,4,NULL,NULL,0,0,0,0,0,"",0,0,0,0,"NA","NA","Sport",0,183190,19378,"nrk_alfa",NULL,NULL,NULL,NULL,NULL
97,"http://www.nrk.no/sport/1.11415708","http://www.nrk.no/sport/1.11415708","16-åring med rekord og semibillett - Sport","16-åring med rekord og semibillett
Emilie Næss Olsen (16) imponerte stort på 50 meter butterfly. Hun hadde 6. beste tid med 26.25, noe som er en forbedring av hennes norske juniorrekord med to tiendeler. Lavrans Solli, trolig Norges største medaljehåp, tok seg videre til semifinalen på 50 meter rygg med et nødskrik (19. plass). Monica Johannessen er også klar for EM-semifinale på 50 meter butterfly.","2013-12-13 10:38:57",NULL,"2014-03-27 18:03:59",0,1,1,1,0,"no",39.0588,NULL,0,0,68,4,402,0,0,0,4,NULL,NULL,0,0,0,0,0,"",0,0,0,0,"NA","NA","Sport",0,183190,19378,"nrk_alfa",NULL,NULL,NULL,NULL,NULL
100,"http://www.nrk.no/sorlandet/--iveland-overlever-ikke-1.11416240","http://www.nrk.no/sorlandet/1.11416240","- Iveland overlever ikke - NRK – Sørlandet","- Iveland overlever ikke
Ordføreren i Iveland, Gro Anita Mykjåland, tror kommunen blir slått sammen med en annen kommune, når regjeringen nå skal gå gjennom kommunestrukturen.","2013-12-13 12:08:56",NULL,"2014-03-27 18:04:01",0,1,1,1,0,"no",64.037,NULL,0,0,27,1,175,0,0,0,4,NULL,NULL,0,0,0,0,0,"",9,9,0,0,"NRK Sørlandet","NA","NA",0,181178,21436,"nrk_alfa",NULL,NULL,NULL,NULL,NULL
101,"http://www.nrk.no/sorlandet/arbeidsulykke-i-grimstad-1.11416219","http://www.nrk.no/sorlandet/1.11416219","Arbeidsulykke i Grimstad - NRK – Sørlandet","Arbeidsulykke i Grimstad
En arbeider har falt ned fra en stige under montering av en vifte på et tak i Grimstad. Politiet vet ennå ikke noe om skadeomfang.","2013-12-13 11:57:32",NULL,"2014-03-27 18:06:02",0,1,1,1,0,"no",38.6379,NULL,0,0,29,2,155,0,0,0,4,NULL,NULL,0,0,0,0,0,"",9,9,0,0,"NRK Sørlandet","NA","NA",0,181178,21436,"nrk_alfa",NULL,NULL,NULL,NULL,NULL
102,"http://www.nrk.no/sorlandet/gir-klubbkassa-til-frelsesarmeen-1.11416110","http://www.nrk.no/sorlandet/1.11416110","Gir klubbkassa til Frelsesarmeen - NRK – Sørlandet","Gir klubbkassa til Frelsesarmeen
Fagforening for ledelse og teknikk ved Global Castings i Kristiansand gir hele klubbkassa på nesten 90.000 kroner i julegave til Frelsesarmeen. 154 ansatte mister jobben når jernstøperiet legges ned.","2013-12-13 11:46:57",NULL,"2014-03-27 18:06:04",0,1,1,1,0,"no",52.2941,NULL,0,0,34,2,232,0,0,0,4,NULL,NULL,0,0,0,0,0,"",9,9,0,0,"NRK Sørlandet","NA","NA",0,181178,21436,"nrk_alfa",NULL,NULL,NULL,NULL,NULL
103,"http://www.nrk.no/sorlandet/cultiva-penger-til-17-prosjekter-1.11415476","http://www.nrk.no/sorlandet/1.11415476","Cultiva-penger til 17 prosjekter - NRK – Sørlandet","Cultiva-penger til 17 prosjekter
Etter årets sjette og siste møte i Cultiva Ekspress Kunst deler fondet ut 283.000 kroner.","2013-12-13 10:14:04",NULL,"2014-03-27 18:06:04",0,1,1,1,0,"no",40,NULL,0,1,20,1,122,0,0,0,4,NULL,NULL,0,0,0,0,0,"",9,9,0,0,"NRK Sørlandet","NA","NA",0,181178,21436,"nrk_alfa",NULL,NULL,NULL,NULL,NULL
104,"http://www.nrk.no/sorlandet/1.11416240","http://www.nrk.no/sorlandet/1.11416240","- Iveland overlever ikke - NRK – Sørlandet","- Iveland overlever ikke
Ordføreren i Iveland, Gro Anita Mykjåland, tror kommunen blir slått sammen med en annen kommune, når regjeringen nå skal gå gjennom kommunestrukturen.","2013-12-13 12:08:56",NULL,"2014-03-27 18:06:05",0,1,1,1,0,"no",64.037,NULL,0,0,27,1,175,0,0,0,4,NULL,NULL,0,0,0,0,0,"",9,9,0,0,"NRK Sørlandet","NA","NA",0,181178,21436,"nrk_alfa",NULL,NULL,NULL,NULL,NULL
105,"http://www.nrk.no/sorlandet/1.11416219","http://www.nrk.no/sorlandet/1.11416219","Arbeidsulykke i Grimstad - NRK – Sørlandet","Arbeidsulykke i Grimstad
En arbeider har falt ned fra en stige under montering av en vifte på et tak i Grimstad. Politiet vet ennå ikke noe om skadeomfang.","2013-12-13 11:57:32",NULL,"2014-03-27 18:06:06",0,1,1,1,0,"no",38.6379,NULL,0,0,29,2,155,0,0,0,4,NULL,NULL,0,0,0,0,0,"",9,9,0,0,"NRK Sørlandet","NA","NA",0,181178,21436,"nrk_alfa",NULL,NULL,NULL,NULL,NULL
106,"http://www.nrk.no/sorlandet/1.11416110","http://www.nrk.no/sorlandet/1.11416110","Gir klubbkassa til Frelsesarmeen - NRK – Sørlandet","Gir klubbkassa til Frelsesarmeen
Fagforening for ledelse og teknikk ved Global Castings i Kristiansand gir hele klubbkassa på nesten 90.000 kroner i julegave til Frelsesarmeen. 154 ansatte mister jobben når jernstøperiet legges ned.","2013-12-13 11:46:57",NULL,"2014-03-27 18:06:08",0,1,1,1,0,"no",52.2941,NULL,0,0,34,2,232,0,0,0,4,NULL,NULL,0,0,0,0,0,"",9,9,0,0,"NRK Sørlandet","NA","NA",0,181178,21436,"nrk_alfa",NULL,NULL,NULL,NULL,NULL
109,"http://www.nrk.no/rogaland/frp-frykter-monopol-1.11416121","http://www.nrk.no/rogaland/1.11416121","Frp frykter monopol - NRK – Rogaland","Frp frykter monopol
Fremskrittspartiet frykter monopollignende tilstander i den norske dagligvarebransjen dersom Coop og Rema 1000 får grønt lys til sin innkjøpsavtale fra Konkurransetilsynet. – Det blir nesten et fravær av konkurranse, sier næringspolitisk talsmann Øyvind Korsberg til NRK.","2013-12-13 11:23:17",NULL,"2014-03-27 18:06:11",0,1,1,1,0,"no",52.5,NULL,0,1,40,2,291,0,0,0,4,NULL,NULL,0,0,0,0,0,"",3,3,0,0,"NRK Rogaland","NA","NA",0,181178,20221,"nrk_alfa",NULL,NULL,NULL,NULL,NULL
110,"http://www.nrk.no/rogaland/stipend-til-ostin-ommundsen-1.11415755","http://www.nrk.no/rogaland/1.11415755","Stipend til Østin Ommundsen - NRK – Rogaland","Stipend til Østin Ommundsen
Filmskaper Arild Østin Ommundsen har fått filmmanusstipend fra Stavanger kommune. Stipendet, som er på 50.000 kroner, skal brukes til manusutvikling av den planlagte spillefilmen «Nådeløs».","2013-12-13 11:11:20",NULL,"2014-03-27 18:06:11",0,1,1,1,0,"no",54.2097,NULL,1,0,31,2,217,0,0,0,4,NULL,NULL,0,0,0,0,0,"",3,3,0,0,"NRK Rogaland","NA","NA",0,181178,19823,"nrk_alfa",NULL,NULL,NULL,NULL,NULL
111,"http://www.nrk.no/rogaland/coop-og-rema-1000-inngar-samarbeid-1.11415585","http://www.nrk.no/rogaland/1.11415585","Coop og Rema 1000 inngår samarbeid - NRK – Rogaland","Coop og Rema 1000 inngår samarbeid
De to dagligvarekjedene Coop og Rema 1000 inngår et innkjøpssamarbeid. Dette blir etter det NRK erfarer annonsert på en pressekonferanse klokka 11.","2013-12-13 08:55:05",NULL,"2014-03-27 18:06:12",0,1,1,1,0,"no",35.1897,NULL,0,0,29,2,182,0,0,0,4,NULL,NULL,0,0,0,0,0,"",3,3,0,0,"NRK Rogaland","NA","NA",0,181178,20221,"nrk_alfa",NULL,NULL,NULL,NULL,NULL
113,"http://www.nrk.no/rogaland/1.11416121","http://www.nrk.no/rogaland/1.11416121","Frp frykter monopol - NRK – Rogaland","Frp frykter monopol
Fremskrittspartiet frykter monopollignende tilstander i den norske dagligvarebransjen dersom Coop og Rema 1000 får grønt lys til sin innkjøpsavtale fra Konkurransetilsynet. – Det blir nesten et fravær av konkurranse, sier næringspolitisk talsmann Øyvind Korsberg til NRK.","2013-12-13 11:23:17",NULL,"2014-03-27 18:06:13",0,1,1,1,0,"no",52.5,NULL,0,1,40,2,291,0,0,0,4,NULL,NULL,0,0,0,0,0,"",3,3,0,0,"NRK Rogaland","NA","NA",0,181178,20221,"nrk_alfa",NULL,NULL,NULL,NULL,NULL
114,"http://www.nrk.no/rogaland/1.11415755","http://www.nrk.no/rogaland/1.11415755","Stipend til Østin Ommundsen - NRK – Rogaland","Stipend til Østin Ommundsen
Filmskaper Arild Østin Ommundsen har fått filmmanusstipend fra Stavanger kommune. Stipendet, som er på 50.000 kroner, skal brukes til manusutvikling av den planlagte spillefilmen «Nådeløs».","2013-12-13 11:11:20",NULL,"2014-03-27 18:06:16",0,1,1,1,0,"no",54.2097,NULL,1,0,31,2,217,0,0,0,4,NULL,NULL,0,0,0,0,0,"",3,3,0,0,"NRK Rogaland","NA","NA",0,181178,19823,"nrk_alfa",NULL,NULL,NULL,NULL,NULL
119,"http://www.nrk.no/telemark/mange-far-grunnskoleopplaering-1.11416235","http://www.nrk.no/telemark/1.11416235","Mange får grunnskoleopplæring - Telemark","Mange får grunnskoleopplæring
Mange voksne i Telemark mottar grunnskoleopplæring. Tall fra utdanningsdirektoratet, viser at det bare er i Oslo at større del av befolkningen får opplæring på grunnskolenivå. Omkring 3 prosent av befolkningen får denne typen voksenopplæring i fylket.","2013-12-13 11:55:49",NULL,"2014-03-27 18:06:21",0,1,1,1,0,"no",40.8333,NULL,0,0,40,3,281,0,0,0,4,NULL,NULL,0,0,0,0,0,"",6,6,0,0,"NA","NA","NA",0,181178,20379,"nrk_alfa",NULL,NULL,NULL,NULL,NULL
120,"http://www.nrk.no/telemark/1.11416235","http://www.nrk.no/telemark/1.11416235","Mange får grunnskoleopplæring - Telemark","Mange får grunnskoleopplæring
Mange voksne i Telemark mottar grunnskoleopplæring. Tall fra utdanningsdirektoratet, viser at det bare er i Oslo at større del av befolkningen får opplæring på grunnskolenivå. Omkring 3 prosent av befolkningen får denne typen voksenopplæring i fylket.","2013-12-13 11:55:49",NULL,"2014-03-27 18:06:21",0,1,1,1,0,"no",40.8333,NULL,0,0,40,3,281,0,0,0,4,NULL,NULL,0,0,0,0,0,"",6,6,0,0,"NA","NA","NA",0,181178,20379,"nrk_alfa",NULL,NULL,NULL,NULL,NULL
126,"http://www.nrk.no/nyheter/1.11416211","http://www.nrk.no/nyheter/1.11416211","NRK Nyheter","Politiet: Så ikke sjåføren engang!","2013-12-13 11:54:03",NULL,"2014-03-27 18:06:54",0,1,1,1,0,"nb",45,NULL,0,1,5,1,34,0,0,0,4,NULL,NULL,0,0,0,0,1,"",3,3,0,0,"NA","NA","NA",0,184903,24257,"nrk_alfa",NULL,NULL,NULL,NULL,NULL
127,"http://www.nrk.no/nyheter/domt-til-doden-for-a-ha-knivstukket-barn-1.11416197","http://www.nrk.no/nyheter/1.11416197","Dømt til døden for å ha knivstukket barn - NRK Nyheter","Dømt til døden for å ha knivstukket barn
Mannen som stakk 22 barn med kniv på en barneskole i Kina, er dømt til døden. Ingen av barna døde i angrepet.","2013-12-13 11:41:57",NULL,"2014-03-27 18:06:56",0,1,1,1,0,"no",25.1774,NULL,0,0,31,2,150,0,0,0,4,NULL,NULL,0,0,0,0,0,"",3,3,0,0,"NA","NA","NA",0,184903,24136,"nrk_alfa",NULL,NULL,NULL,NULL,NULL
128,"http://www.nrk.no/nyheter/_-dette-er-ingen-utpressing-1.11416154","http://www.nrk.no/nyheter/1.11416154","– Dette er ingen utpressing - NRK Nyheter","– Dette er ingen utpressing
På spørsmål om CoRe er et forsøk på å presse Konkurransetilsynet til å sette ned foten for ICA og Norgesgruppens planer, svarte Reitan: – Dette er ingen utpressing. Det er vår eneste mulighet til å være konkurransedyktig.","2013-12-13 11:37:49",NULL,"2014-03-27 18:06:56",0,1,1,1,0,"nb",40.1047,NULL,0,0,43,2,249,0,0,0,4,NULL,NULL,0,0,0,0,0,"",3,3,0,0,"NA","NA","NA",0,184903,24534,"nrk_alfa",NULL,NULL,NULL,NULL,NULL
129,"http://www.nrk.no/nyheter/1.11416185","http://www.nrk.no/nyheter/1.11416185","NRK Nyheter","Økokrim advarer tjuvjegere","2013-12-13 11:34:31",NULL,"2014-03-27 18:06:57",0,1,1,1,0,"no",103,NULL,0,1,3,1,26,0,0,0,4,NULL,NULL,0,0,0,0,1,"",3,3,0,0,"NA","NA","NA",0,184903,24655,"nrk_alfa",NULL,NULL,NULL,NULL,NULL
130,"http://www.nrk.no/nyheter/1.11416181","http://www.nrk.no/nyheter/1.11416181","NRK Nyheter","Drapssiktet ektemann må sitte inne til han er ferdig undersøkt




Se video","2013-12-13 11:28:55",NULL,"2014-03-27 18:06:57",0,1,1,1,0,"nb",36.0769,NULL,0,1,13,1,75,0,0,0,4,NULL,NULL,0,0,0,0,1,"",3,3,0,0,"NA","NA","NA",0,184903,24655,"nrk_alfa",NULL,NULL,NULL,NULL,NULL
131,"http://www.nrk.no/nyheter/1.11416168","http://www.nrk.no/nyheter/1.11416168","NRK Nyheter","Trippeldrapssikta nektar framleis avhøyr – «Ei stor tilleggsbelastning for familien»","2013-12-13 11:27:37",NULL,"2014-03-27 18:06:58",0,1,1,1,0,"nn",50,NULL,0,1,10,1,84,0,0,0,4,NULL,NULL,0,0,0,0,1,"",3,3,0,0,"NA","NA","NA",0,184903,24655,"nrk_alfa",NULL,NULL,NULL,NULL,NULL
132,"http://www.nrk.no/nyheter/arbeiderpartiet-er-bekymret-1.11416137","http://www.nrk.no/nyheter/1.11416137","Arbeiderpartiet er bekymret - NRK Nyheter","Arbeiderpartiet er bekymret
- Utviklingen i dagligvaremarkedet er bekymringsfull. Få store aktører med kontroll over store deler av verdikjeden sikrer ikke forbrukeren variert, best og rimeligst mat, sier APs Knut Storberget.","2013-12-13 11:23:33",NULL,"2014-03-27 18:06:58",0,1,1,1,0,"no",54.2097,NULL,0,0,31,2,225,0,0,0,4,NULL,NULL,0,0,0,0,0,"",3,3,0,0,"NA","NA","NA",0,184903,24534,"nrk_alfa",NULL,NULL,NULL,NULL,NULL
133,"http://www.nrk.no/nyheter/et-uunngaelig-samarbeid-1.11416123","http://www.nrk.no/nyheter/1.11416123","Et uunngåelig samarbeid - NRK Nyheter","Foto: Iram Ansari, NRK




Et uunngåelig samarbeid
– Det har aldri vært min målsetting å gå fra fire matvaregrupper til to store. Men for oss er det uunngåelig å gjøre som vi nå gjør, skal vi kunne konkurrere med Ica og Norgesgruppen, sier Reitan.","2013-12-13 11:19:19",NULL,"2014-03-27 18:06:59",0,1,1,1,0,"no",38.0556,NULL,0,0,45,2,247,0,0,0,4,NULL,NULL,0,0,0,0,1,"",3,3,0,0,"NA","NA","NA",0,184903,24655,"nrk_alfa",NULL,NULL,NULL,NULL,NULL
134,"http://www.nrk.no/nyheter/1.11416136","http://www.nrk.no/nyheter/1.11416136","NRK Nyheter","Krever matavtaler stoppes: – Dette kan ikke Norge leve med","2013-12-13 11:16:59",NULL,"2014-03-27 18:07:00",0,1,1,1,0,"nb",30,NULL,0,1,10,1,58,0,0,0,4,NULL,NULL,0,0,0,0,1,"",3,3,0,0,"NA","NA","NA",0,184903,24655,"nrk_alfa",NULL,NULL,NULL,NULL,NULL
135,"http://www.nrk.no/nyheter/domt-for-bombetrusler-1.11416128","http://www.nrk.no/nyheter/1.11416128","Dømt for bombetrusler - NRK Nyheter","Dømt for bombetrusler
En 44 år gammel kvinne som ringte inn bombetrusler mot sykehusene Haukeland og Sandviken, Bergen lufthavn og Oslo Lufthavn må sone ett år og åtte måneder i fengsel.","2013-12-13 11:16:23",NULL,"2014-03-27 18:07:00",0,1,1,1,0,"no",60.125,NULL,0,0,32,1,186,0,0,0,4,NULL,NULL,0,0,0,0,0,"",3,3,0,0,"NA","NA","NA",0,184903,24534,"nrk_alfa",NULL,NULL,NULL,NULL,NULL
136,"http://www.nrk.no/nyheter/helikoptertypen-flyr-i-norge-1.11416098","http://www.nrk.no/nyheter/1.11416098","Helikoptertypen flyr i Norge - NRK Nyheter","Helikoptertypen flyr i Norge
Norsk luftambulanse setter ikke sine 11 helikoptre på bakken, selv om samme typen er satt på bakken i Skottland etter at det er funnet en feil. Norsk luftambulanse sier at avgjørelsen er nøye vurdert.","2013-12-13 11:14:39",NULL,"2014-03-27 18:07:01",0,1,1,1,0,"no",37.4487,NULL,0,0,39,2,229,0,0,0,4,NULL,NULL,0,0,0,0,0,"",3,3,0,0,"NA","NA","NA",0,184903,24534,"nrk_alfa",NULL,NULL,NULL,NULL,NULL
137,"http://www.nrk.no/nyheter/se-bilder-fra-uvaeret-1.11416041","http://www.nrk.no/nyheter/1.11416041","Se bilder fra uværet - NRK Nyheter","Foto: NTE




Se bilder fra uværet
Stormen \"Ivar\" har herjet i Trøndelag det siste døgnet. Her kan du se bilder av uværet.","2013-12-13 11:13:35",NULL,"2014-03-27 18:07:01",0,1,1,1,0,"no",20.5,NULL,0,1,25,2,122,0,0,0,4,NULL,NULL,0,0,0,0,1,"",3,3,0,0,"NA","NA","NA",0,184903,24655,"nrk_alfa",NULL,NULL,NULL,NULL,NULL
139,"http://www.nrk.no/nordnytt/fjernvarme-til-finnsnes-1.11416107","http://www.nrk.no/nordnytt/1.11416107","Fjernvarme til Finnsnes - Troms og Finnmark","Fjernvarme til Finnsnes
For 133 millioner kroner kan Finnsnes og Silsand i Lenvik få fjernvarme fra avfallsanlegget og smelteverket i Finnfjordbotn. Til det vil statlige ENOVA kunne gi 44 millioner.
Det har vært arbeidet med planene i mer enn ti år.","2013-12-13 11:07:40",NULL,"2014-03-27 18:07:03",0,1,1,1,0,"no",44.5659,NULL,0,0,43,3,249,0,0,0,4,NULL,NULL,0,0,0,0,0,"",6,6,0,0,"NRK Troms og Finnmark","NA","NA",0,181178,20195,"nrk_alfa",NULL,NULL,NULL,NULL,NULL
140,"http://www.nrk.no/nordnytt/1.11416107","http://www.nrk.no/nordnytt/1.11416107","Fjernvarme til Finnsnes - Troms og Finnmark","Fjernvarme til Finnsnes
For 133 millioner kroner kan Finnsnes og Silsand i Lenvik få fjernvarme fra avfallsanlegget og smelteverket i Finnfjordbotn. Til det vil statlige ENOVA kunne gi 44 millioner.
Det har vært arbeidet med planene i mer enn ti år.","2013-12-13 11:07:40",NULL,"2014-03-27 18:07:03",0,1,1,1,0,"no",44.5659,NULL,0,0,43,3,249,0,0,0,4,NULL,NULL,0,0,0,0,0,"",6,6,0,0,"NRK Troms og Finnmark","NA","NA",0,181178,20195,"nrk_alfa",NULL,NULL,NULL,NULL,NULL
142,"http://www.nrk.no/hordaland/drapsdomt-anker-til-hoyesterett-1.11416173","http://www.nrk.no/hordaland/1.11416173","Drapsdømt anker til Høyesterett - Hordaland","Drapsdømt anker til Høyesterett
Den afghanske asylsøkeren som ble dømt til 15 års fengsel for drap på asylmottaket på Paradis i Bergen anker dommen til høyesterett. Det skriver dagen.no. Drapet på asylmottaket skjedde i mai i fjor. Verken Bergen tingrett eller Gulating lagmannsrett trodde på 29-åringens forklaring om at han handlet i nødverge, etter selv å ha blitt angrepet fordi han hadde konvertert fra islam til kristendom.","2013-12-13 11:29:53",NULL,"2014-03-27 18:07:05",0,1,1,1,0,"no",49.3529,NULL,0,0,68,4,429,0,0,0,4,NULL,NULL,0,0,0,0,0,"",6,6,0,0,"NRK Hordaland","NA","NA",0,181178,21073,"nrk_alfa",NULL,NULL,NULL,NULL,NULL
143,"http://www.nrk.no/hordaland/pressekonferanse-om-sykkel-vm-1.11416099","http://www.nrk.no/hordaland/1.11416099","Pressekonferanse om Sykkel-VM - Hordaland","Pressekonferanse om Sykkel-VM
Kulturminister Thorhild Widvey inviterer til pressekonferanse i ettermiddag om Sykkel-VM 2017. Representantar for arrangøren, Bergen kommune og idretten vil vere til stades. Bergen kommune, Norges Cyckleforbund (NCF) og Norges Idrettsforbund (NIF) har søkt om eit statleg tilskot på 40 millionar kroner.","2013-12-13 11:09:21",NULL,"2014-03-27 18:07:06",0,1,1,1,0,"nn",53.9645,NULL,0,0,47,3,333,0,0,0,4,NULL,NULL,0,0,0,0,0,"",6,6,0,0,"NRK Hordaland","NA","NA",0,181178,21073,"nrk_alfa",NULL,NULL,NULL,NULL,NULL
144,"http://www.nrk.no/hordaland/1.11416099","http://www.nrk.no/hordaland/1.11416099","Pressekonferanse om Sykkel-VM - Hordaland","Pressekonferanse om Sykkel-VM
Kulturminister Thorhild Widvey inviterer til pressekonferanse i ettermiddag om Sykkel-VM 2017. Representantar for arrangøren, Bergen kommune og idretten vil vere til stades. Bergen kommune, Norges Cyckleforbund (NCF) og Norges Idrettsforbund (NIF) har søkt om eit statleg tilskot på 40 millionar kroner.","2013-12-13 11:09:21",NULL,"2014-03-27 18:07:07",0,1,1,1,0,"nn",53.9645,NULL,0,0,47,3,333,0,0,0,4,NULL,NULL,0,0,0,0,0,"",6,6,0,0,"NRK Hordaland","NA","NA",0,181178,21073,"nrk_alfa",NULL,NULL,NULL,NULL,NULL
145,"http://www.nrk.no/hordaland/1.11416173","http://www.nrk.no/hordaland/1.11416173","Drapsdømt anker til Høyesterett - Hordaland","Drapsdømt anker til Høyesterett
Den afghanske asylsøkeren som ble dømt til 15 års fengsel for drap på asylmottaket på Paradis i Bergen anker dommen til høyesterett. Det skriver dagen.no. Drapet på asylmottaket skjedde i mai i fjor. Verken Bergen tingrett eller Gulating lagmannsrett trodde på 29-åringens forklaring om at han handlet i nødverge, etter selv å ha blitt angrepet fordi han hadde konvertert fra islam til kristendom.","2013-12-13 11:29:53",NULL,"2014-03-27 18:07:09",0,1,1,1,0,"no",49.3529,NULL,0,0,68,4,429,0,0,0,4,NULL,NULL,0,0,0,0,0,"",6,6,0,0,"NRK Hordaland","NA","NA",0,181178,21073,"nrk_alfa",NULL,NULL,NULL,NULL,NULL
146,"http://www.nrk.no/ho/1.11416042","http://www.nrk.no/ho/1.11416042","Økokrim frykter ulovlig jakt på ulv - Hedmark og Oppland","Økokrim frykter ulovlig jakt på ulv
Økokrim frykter at medieoppslag den siste tida kan føre til ulovlig jakt på ulv. Nå advarer de ulvemotstandere mot å ta loven i egne hender.","2013-12-13 11:16:16",NULL,"2014-03-27 18:07:11",0,1,1,1,0,"no",44.125,NULL,0,0,32,2,176,0,0,0,4,NULL,NULL,0,0,0,0,0,"",3,3,0,0,"NRK Hedmark og Oppland","NA","NA",0,181178,19833,"nrk_alfa",NULL,NULL,NULL,NULL,NULL
149,"http://www.nrk.no/ho/1.11416134","http://www.nrk.no/ho/1.11416134","Ridehus i Østre Toten - Hedmark og Oppland","Ridehus i Østre Toten
Det er nå klart at det blir bygget et ridehus til 15 millioner kroner ved Norsk Hestesenter i Østre Toten. Kommunestyret gjorde i går et forpliktende vedtak om å bidra med en andel på en halv million kroner til ridehuset.","2013-12-13 11:58:35",NULL,"2014-03-27 18:07:14",0,1,1,1,0,"no",40.2778,NULL,0,0,45,2,243,0,0,0,4,NULL,NULL,0,0,0,0,0,"",3,3,0,0,"NRK Hedmark og Oppland","NA","NA",0,181178,19833,"nrk_alfa",NULL,NULL,NULL,NULL,NULL
154,"http://www.nrk.no/trondelag/teledekning-pa-vei-tilbake-1.11416082","http://www.nrk.no/trondelag/1.11416082","Teledekning på vei tilbake - NRK – Trøndelag","Teledekning på vei tilbake
På Hitra og Frøya er mobildekningen nå på vei tilbake, mens fasttelefoni fortsatt har en del utfall. Ryddearbeid og feilretting er iverksatt, melder Telenor. De understreker at det fortsatt kan oppstå nye utfall på grunn av skadene i telenettet.","2013-12-13 11:00:34",NULL,"2014-03-27 18:07:49",0,1,1,1,0,"no",46.4848,NULL,0,0,44,3,272,0,0,0,4,NULL,NULL,0,0,0,0,0,"",6,6,0,0,"NRK Trøndelag","NA","NA",0,181178,21471,"nrk_alfa",NULL,NULL,NULL,NULL,NULL
155,"http://www.nrk.no/trondelag/steinkjer-ma-spare-vann-1.11415824","http://www.nrk.no/trondelag/1.11415824","Steinkjer må spare vann - NRK – Trøndelag","Steinkjer må spare vann
Forsyningsbassengene i Steinkjer blir ikke etterfylt på grunn av strømbrudd. Dette medfører at innbyggerne må spare på vannforbruket inntil videre. Dette gjelder hele Steinkjer per nå, opplyser kommunen.","2013-12-13 10:30:13",NULL,"2014-03-27 18:07:49",0,1,1,1,0,"nb",47.3636,NULL,0,0,33,3,227,0,0,0,4,NULL,NULL,0,0,0,0,0,"",6,6,0,0,"NRK Trøndelag","NA","NA",0,181178,21471,"nrk_alfa",NULL,NULL,NULL,NULL,NULL
156,"http://www.nrk.no/trondelag/namsen-flom-stenger-veg-1.11415870","http://www.nrk.no/trondelag/1.11415870","Namsen-flom stenger veg - NRK – Trøndelag","Namsen-flom stenger veg
I Overhalla er fylkesveg 401 fortsatt stengt ved Vibstad på grunn av flom i Namsen. Vegen har vært stengt siden i går.","2013-12-13 10:22:51",NULL,"2014-03-27 18:07:50",0,1,1,1,0,"no",36.0769,NULL,0,0,26,2,142,0,0,0,4,NULL,NULL,0,0,0,0,0,"",6,6,0,0,"NRK Trøndelag","NA","NA",0,181178,21073,"nrk_alfa",NULL,NULL,NULL,NULL,NULL
157,"http://www.nrk.no/trondelag/12-000-uten-strom-i-nord-trondelag-1.11415957","http://www.nrk.no/trondelag/1.11415957","12 000 uten strøm i Nord-Trøndelag - NRK – Trøndelag","12 000 uten strøm i Nord-Trøndelag
Fredag formiddag er i overkant av 12 000 av NTE sine kunder uten strøm. Ingen kommunesentra er nå strømløse. To helikoptre og rundt 100 personer er satt inn i feilsøking og feilrettingsarbeidet, det melder NTE i ei pressemelding.","2013-12-13 10:17:44",NULL,"2014-03-27 18:07:50",0,1,1,1,0,"no",37.2222,NULL,0,0,45,3,264,0,0,0,4,NULL,NULL,0,0,0,0,0,"",6,6,0,0,"NRK Trøndelag","NA","NA",0,181178,21073,"nrk_alfa",NULL,NULL,NULL,NULL,NULL
158,"http://www.nrk.no/trondelag/1.11416082","http://www.nrk.no/trondelag/1.11416082","Teledekning på vei tilbake - NRK – Trøndelag","Teledekning på vei tilbake
På Hitra og Frøya er mobildekningen nå på vei tilbake, mens fasttelefoni fortsatt har en del utfall. Ryddearbeid og feilretting er iverksatt, melder Telenor. De understreker at det fortsatt kan oppstå nye utfall på grunn av skadene i telenettet.","2013-12-13 11:00:34",NULL,"2014-03-27 18:07:52",0,1,1,1,0,"no",46.4848,NULL,0,0,44,3,272,0,0,0,4,NULL,NULL,0,0,0,0,0,"",6,6,0,0,"NRK Trøndelag","NA","NA",0,181178,21471,"nrk_alfa",NULL,NULL,NULL,NULL,NULL
159,"http://www.nrk.no/trondelag/1.11415824","http://www.nrk.no/trondelag/1.11415824","Steinkjer må spare vann - NRK – Trøndelag","Steinkjer må spare vann
Forsyningsbassengene i Steinkjer blir ikke etterfylt på grunn av strømbrudd. Dette medfører at innbyggerne må spare på vannforbruket inntil videre. Dette gjelder hele Steinkjer per nå, opplyser kommunen.","2013-12-13 10:30:13",NULL,"2014-03-27 18:07:53",0,1,1,1,0,"nb",47.3636,NULL,0,0,33,3,227,0,0,0,4,NULL,NULL,0,0,0,0,0,"",6,6,0,0,"NRK Trøndelag","NA","NA",0,181178,21471,"nrk_alfa",NULL,NULL,NULL,NULL,NULL
160,"http://www.nrk.no/trondelag/1.11415870","http://www.nrk.no/trondelag/1.11415870","Namsen-flom stenger veg - NRK – Trøndelag","Namsen-flom stenger veg
I Overhalla er fylkesveg 401 fortsatt stengt ved Vibstad på grunn av flom i Namsen. Vegen har vært stengt siden i går.","2013-12-13 10:22:51",NULL,"2014-03-27 18:07:55",0,1,1,1,0,"no",36.0769,NULL,0,0,26,2,142,0,0,0,4,NULL,NULL,0,0,0,0,0,"",6,6,0,0,"NRK Trøndelag","NA","NA",0,181178,21073,"nrk_alfa",NULL,NULL,NULL,NULL,NULL
161,"http://www.nrk.no/trondelag/1.11415957","http://www.nrk.no/trondelag/1.11415957","12 000 uten strøm i Nord-Trøndelag - NRK – Trøndelag","12 000 uten strøm i Nord-Trøndelag
Fredag formiddag er i overkant av 12 000 av NTE sine kunder uten strøm. Ingen kommunesentra er nå strømløse. To helikoptre og rundt 100 personer er satt inn i feilsøking og feilrettingsarbeidet, det melder NTE i ei pressemelding.","2013-12-13 10:17:44",NULL,"2014-03-27 18:07:56",0,1,1,1,0,"no",37.2222,NULL,0,0,45,3,264,0,0,0,4,NULL,NULL,0,0,0,0,0,"",6,6,0,0,"NRK Trøndelag","NA","NA",0,181178,21073,"nrk_alfa",NULL,NULL,NULL,NULL,NULL
164,"http://www.nrk.no/sorlandet/domt-for-hacking-1.11416100","http://www.nrk.no/sorlandet/1.11416100","Dømt for hacking - NRK – Sørlandet","Dømt for hacking
En 17 år gammel gutt fra Kristiansand er dømt til samfunnsstraff for dataangrep mot to av landets største bloggtjenester, skriver Fædrelandsvennen. Saken gjelder også angrep mot flere offentlige nettsider.","2013-12-13 11:07:11",NULL,"2014-03-27 18:07:59",0,1,1,1,0,"no",52.8636,NULL,1,0,33,2,222,0,0,0,4,NULL,NULL,0,0,0,0,0,"",9,9,0,0,"NRK Sørlandet","NA","NA",0,181178,21436,"nrk_alfa",NULL,NULL,NULL,NULL,NULL
165,"http://www.nrk.no/sorlandet/1.11415476","http://www.nrk.no/sorlandet/1.11415476","Cultiva-penger til 17 prosjekter - NRK – Sørlandet","Cultiva-penger til 17 prosjekter
Etter årets sjette og siste møte i Cultiva Ekspress Kunst deler fondet ut 283.000 kroner.","2013-12-13 10:14:04",NULL,"2014-03-27 18:08:00",0,1,1,1,0,"no",40,NULL,0,1,20,1,122,0,0,0,4,NULL,NULL,0,0,0,0,0,"",9,9,0,0,"NRK Sørlandet","NA","NA",0,181178,21436,"nrk_alfa",NULL,NULL,NULL,NULL,NULL
166,"http://www.nrk.no/sorlandet/1.11416100","http://www.nrk.no/sorlandet/1.11416100","Dømt for hacking - NRK – Sørlandet","Dømt for hacking
En 17 år gammel gutt fra Kristiansand er dømt til samfunnsstraff for dataangrep mot to av landets største bloggtjenester, skriver Fædrelandsvennen. Saken gjelder også angrep mot flere offentlige nettsider.","2013-12-13 11:07:11",NULL,"2014-03-27 18:08:01",0,1,1,1,0,"no",52.8636,NULL,1,0,33,2,222,0,0,0,4,NULL,NULL,0,0,0,0,0,"",9,9,0,0,"NRK Sørlandet","NA","NA",0,181178,21436,"nrk_alfa",NULL,NULL,NULL,NULL,NULL
169,"http://www.nrk.no/sognogfjordane/held-politioving-pa-vidaregaande-skule-1.11415730","http://www.nrk.no/sognogfjordane/1.11415730","Held politiøving på vidaregåande skule - NRK – Sogn og Fjordane","Held politiøving på vidaregåande skule
Like etter klokka 12 kjem politiet og dei andre naudetatane til å gjennomføre ei øving på Flora vidaregåande skule. Det kjem til å vere representantar frå alle naudetatar, samt væpna politi til stades.","2013-12-13 10:54:30",NULL,"2014-03-27 18:08:05",0,1,1,1,0,"nn",40.0128,NULL,0,0,39,2,240,0,0,0,4,NULL,NULL,0,0,0,0,0,"",6,6,0,0,"NRK Sogn og Fjordane","NA","NA",0,181178,21322,"nrk_alfa",NULL,NULL,NULL,NULL,NULL
170,"http://www.nrk.no/sognogfjordane/1.11415730","http://www.nrk.no/sognogfjordane/1.11415730","Held politiøving på vidaregåande skule - NRK – Sogn og Fjordane","Held politiøving på vidaregåande skule
Like etter klokka 12 kjem politiet og dei andre naudetatane til å gjennomføre ei øving på Flora vidaregåande skule. Det kjem til å vere representantar frå alle naudetatar, samt væpna politi til stades.","2013-12-13 10:54:30",NULL,"2014-03-27 18:08:05",0,1,1,1,0,"nn",40.0128,NULL,0,0,39,2,240,0,0,0,4,NULL,NULL,0,0,0,0,0,"",6,6,0,0,"NRK Sogn og Fjordane","NA","NA",0,181178,21322,"nrk_alfa",NULL,NULL,NULL,NULL,NULL
171,"http://www.nrk.no/nordnytt/jompa-tormann-hevner-seg-igjen-1.11415561","http://www.nrk.no/nordnytt/1.11415561","– Humor er en form for ferskvare","Stig Frode Henriksen, som gjentar rollen som den hevngjerrige Jompa Tormann, synes det var stort å få spille inn i Bangkok.
Foto: Tappeluft Pictures






– Humor er en form for ferskvare


Noen vil synes det er meningsløst herk, sier en storfornøyd «Kill Buljo 2»-regissør Vegar Hoel. Som altså hoppet etter Wirkola da han tok Jompa Tormann med ut på nye eventyr.






Det var med den vennegjeng-lagde 2007-forløperen at et annet eventyr – det om Tommy Wirkolas vei til Hollywood og storfilmene – startet.
Men derfor hadde Wirkola det for travelt til å ta tømmene når reinsdyrene til Tormann ble drept, og jakten førte hevneren – igjen spilt av Stig Frode Henriksen – fra Finnmark til potensmiddelmiljøet i Thailand. Men Wirkola er å finne i filmen, med en bart sleskere enn de fleste, i godrollen som Sid Wisløff. – Det var en trygghet for meg at Tommy og Stig Frode var der. Filmene er Tommys babyer, og han bryr seg. Men jeg fikk dratt filmen litt mer i min retning, til det mer absurde, sier Hoel til NTB.

Les også: 




I tospann med Wirkola














Vegard Hoel har regissert Kill Buljo 2. Her sammen med Jompa-skuespiller Stig Frode Henriksen.
Foto: Tappeluft Pictures


– Som Hitchcock
Det norske «Kill Buljo»-laget reiste i flokk og følge til Thailand, og møtte et produksjonscrew som blant annet hadde jobbet med «Hangover 2». – Vi kom av flyet, og det var rett på jobb. I bilen. Der lager vi en fjompete film, og så anså de meg som Hitchcock og jeg var The Director, sier han og forteller lattermildt om hvordan det var å spille inn ekte lavpannehumor omkranset av et fullstendig alvorlig thailandsk mannskap som naturligvis ikke forsto et ord. – Det løsnet etter hvert! Men komikk er det aller enkleste å måle: Ler ikke folk, funker det ikke. Humor er en form for ferskvare, som oppstår der og da, i øyeblikket. Utfordringen for meg, etter hvert som arbeidet med filmen skred fram, var at vitsene ble helt døde for meg! Så da må man stole på intuisjonen, sier Hoel og forteller om prøvepublikumere, venner og «folk vi stoler på», som alt ble testet på underveis.

Les også: 




Gode ambassadører for Finnmark














Kill Buljo-teamet samarbeider med et thailandsk produksjonsselskap under innspillingen.
Foto: Tappeluft Pictures


– Ingen kunstner
For her skal man le. Det er regissøren helt klar på. – Dette er ren underholdning, hvor målet bare er å underholde. Ren moro! Det skamløst kjekke med dette, er at det handler om å tørre å lage en dum nok film. Jeg er ingen kunstner. Noen har store budskap, eller lager filmer som forandrer livene til folk. Men jeg går velvillig inn i rollen som klovn, og det har vi muligheten til å gjøre med «Kill Buljo 2», siden vi ikke har statsstøtte, sier Hoel og konstaterer fornøyd: – Derfor havner den ikke som komedie mellom to stoler, vi tar det helt ut. En vits pleier jo ikke å lære folk så veldig mye! Sier Vegar Hoel, som snart kan glede seg over å reise til Sundance med en annen oppfølgerfilm, «Død snø 2», som han er tilbake som skuespiller og nå også som manusforfatter. Han synes «det er kjekt», men understreker at det «handler om å jobbe videre med det en liker å gjøre». – Alt annet er en bonus!

Les også: 




Kill Buljo (3)














Stig Frode Henriksen fra iKill Buljo.
Foto: www.tiff.no


– Drømmen
Men bonusen kan bli brukbar, skal man tro Stig Frode Henriksen – som også er aktuell i begge oppfølgerne. Med visning under Sundance-festivalen tror han sjansene stiger for å få kinodistribusjon i USA. – Det er drømmen. «Død snø 2» er solgt til 40 land ellers, og kommer på betal-TV. Også Henriksen har vært med hele veien fra den spede Wirkola-starten, og kjører på med fleip om at «denne gangen visste alle at de skulle på jobb, og kunne replikkene».
For litt mer penger hadde «Kill Buljo 2» å rutte med, nok til at de reklamerte med at «alt er bedre i toer'n», og at de hadde «ekte skuespillere» (Bjørn Sundquist, Ingrid Bolsø Berdal). – Men 10 millioner kroner er fremdeles lite. Vi fikk utrolig mye for pengene.

Les også: 




Klart for Kill Buljo-oppfølger




(NTB)","2013-12-13 07:33:50",NULL,"2014-03-27 18:08:32",0,2,2,2,0,"no",35.856,"(NTB)",0,4,741,43,4065,0,0,0,8,NULL,NULL,0,0,0,0,4,"I Thailand - Stig Frode Henriksen, som gjentar rollen som den hevngjerrige Jompa Tormann, synes det var stort å få spille inn i Bangkok. - Foto: Tappeluft Pictures /  | Kill Buljo2-innspilling i Thailand - Vegard Hoel har regissert Kill Buljo 2. Her sammen med Jompa-skuespiller Stig Frode Henriksen. - Foto: Tappeluft Pictures /  | Kill Buljo i Thailand - Kill Buljo-teamet samarbeider med et thailandsk produksjonsselskap under innspillingen. - Foto: Tappeluft Pictures /  | Stig Frode Henriksen - Stig Frode Henriksen fra iKill Buljo. - Foto: www.tiff.no /  | Elisabeth Aspaker - Fiskeriminister Elisabeth Aspaker reagerer på juks i fiskerinæringen. - Foto: Aas, Erlend / NTB scanpix | Trygve Myrvang - Råfisklag-direktør Trygve Myrvang frykter konsekvensene av fiskejukset. - Foto: Marita Andersen / NRK | Buren Kvaløya  | Jan Tore Sanner - Kommunalminister Jan Tore Sanner (til høyre) besøker tirsdag Kautokeino, hvor politikerne nylig sa nei til konsekvensutredning av gruvedrift. - Foto: Johan Ante Utsi /  | Semming Semmingsen, konsernsjef Troms Kraft - Administrerende direktør i Troms Kraft, Semming Semmingsen, forteller at det har vært en belastning å være i Økokrims søkelys. - Foto: Trygve M. Andreassen/NRK /  | Borekaksdeponi - Foto: Bente Bjercke / ",6,6,0,0,"NRK Troms og Finnmark","NA","NA",0,181178,20766,"ny2013",NULL,NULL,NULL,NULL,NULL
177,"http://www.nrk.no/ostfold/nordby-tunnellen-apnet-igjen-1.11415878","http://www.nrk.no/ostfold/1.11415878","Nordby-tunnellen åpnet igjen - Østfold","Nordby-tunnellen åpnet igjen
Bil og fører er berget ut, melder politiet i Follo. Bilen fikk motorstopp, og ble stående i tunnellen","2013-12-13 10:58:56",NULL,"2014-03-27 18:08:40",0,1,1,1,0,"no",33.7273,NULL,0,0,22,2,130,0,0,0,4,NULL,NULL,0,0,0,0,0,"",6,6,0,0,"NRK Østfold","NA","NA",0,181178,20620,"nrk_alfa",NULL,NULL,NULL,NULL,NULL
178,"http://www.nrk.no/ostfold/1.11415878","http://www.nrk.no/ostfold/1.11415878","Nordby-tunnellen åpnet igjen - Østfold","Nordby-tunnellen åpnet igjen
Bil og fører er berget ut, melder politiet i Follo. Bilen fikk motorstopp, og ble stående i tunnellen","2013-12-13 10:58:56",NULL,"2014-03-27 18:08:41",0,1,1,1,0,"no",33.7273,NULL,0,0,22,2,130,0,0,0,4,NULL,NULL,0,0,0,0,0,"",6,6,0,0,"NRK Østfold","NA","NA",0,181178,20620,"nrk_alfa",NULL,NULL,NULL,NULL,NULL
180,"http://www.nrk.no/telemark/kompensasjon-for-stromavbrudd-1.11416058","http://www.nrk.no/telemark/1.11416058","Kompensasjon for strømavbrudd - Telemark","Kompensasjon for strømavbrudd
Skagerak Energi har fått mellom ti og tolv søknader om kompensasjon for strømavbrudd i mer enn tolv timer etter uværet som herja Telemark i høst. Informasjonssjef i Skagerak Energi Thor Bjørn Omnes regner med å få inn noen flere søknader før fristen går ut.","2013-12-13 10:54:23",NULL,"2014-03-27 18:08:43",0,1,1,1,0,"no",46.9167,NULL,0,0,48,2,287,0,0,0,4,NULL,NULL,0,0,0,0,0,"",6,6,0,0,"NA","NA","NA",0,181178,20379,"nrk_alfa",NULL,NULL,NULL,NULL,NULL
181,"http://www.nrk.no/telemark/lodoen-ikke-arets-kommuneprofil-1.11416050","http://www.nrk.no/telemark/1.11416050","Lødøen ikke årets kommuneprofil - Telemark","Lødøen ikke årets kommuneprofil
Rådmann i Tinn, Rune Lødøen, ble slått på målstreken i kampen om å bli årets kommuneprofil. Lødøen og Elin Wikmark Darell fra Stjørdal fikk nesten like mange stemmer i avstemningen, men Darell ble til slutt valgt til årets profil.","2013-12-13 10:52:11",NULL,"2014-03-27 18:08:44",0,1,1,1,0,"no",40.1818,NULL,0,0,44,2,262,0,0,0,4,NULL,NULL,0,0,0,0,0,"",6,6,0,0,"NA","NA","NA",0,181178,20379,"nrk_alfa",NULL,NULL,NULL,NULL,NULL
182,"http://www.nrk.no/telemark/kasin-fikk-kulturpris-1.11415981","http://www.nrk.no/telemark/1.11415981","Kåsin fikk kulturpris - Telemark","Kåsin fikk kulturpris
Musiker Jo Henning Kåsin fikk Sauherad kommunes kulturpris, torsdag kveld. I juni fikk han også kulturprisen i Drangedal med rockebandet «Come Taste The Band».","2013-12-13 10:27:37",NULL,"2014-03-27 18:08:45",0,1,1,1,0,"no",48.9828,NULL,0,0,29,2,181,0,0,0,4,NULL,NULL,0,0,0,0,0,"",6,6,0,0,"NA","NA","NA",0,181178,20379,"nrk_alfa",NULL,NULL,NULL,NULL,NULL
183,"http://www.nrk.no/telemark/1.11416058","http://www.nrk.no/telemark/1.11416058","Kompensasjon for strømavbrudd - Telemark","Kompensasjon for strømavbrudd
Skagerak Energi har fått mellom ti og tolv søknader om kompensasjon for strømavbrudd i mer enn tolv timer etter uværet som herja Telemark i høst. Informasjonssjef i Skagerak Energi Thor Bjørn Omnes regner med å få inn noen flere søknader før fristen går ut.","2013-12-13 10:54:23",NULL,"2014-03-27 18:08:45",0,1,1,1,0,"no",46.9167,NULL,0,0,48,2,287,0,0,0,4,NULL,NULL,0,0,0,0,0,"",6,6,0,0,"NA","NA","NA",0,181178,20379,"nrk_alfa",NULL,NULL,NULL,NULL,NULL
184,"http://www.nrk.no/telemark/1.11416050","http://www.nrk.no/telemark/1.11416050","Lødøen ikke årets kommuneprofil - Telemark","Lødøen ikke årets kommuneprofil
Rådmann i Tinn, Rune Lødøen, ble slått på målstreken i kampen om å bli årets kommuneprofil. Lødøen og Elin Wikmark Darell fra Stjørdal fikk nesten like mange stemmer i avstemningen, men Darell ble til slutt valgt til årets profil.","2013-12-13 10:52:11",NULL,"2014-03-27 18:08:47",0,1,1,1,0,"no",40.1818,NULL,0,0,44,2,262,0,0,0,4,NULL,NULL,0,0,0,0,0,"",6,6,0,0,"NA","NA","NA",0,181178,20379,"nrk_alfa",NULL,NULL,NULL,NULL,NULL
185,"http://www.nrk.no/telemark/1.11415981","http://www.nrk.no/telemark/1.11415981","Kåsin fikk kulturpris - Telemark","Kåsin fikk kulturpris
Musiker Jo Henning Kåsin fikk Sauherad kommunes kulturpris, torsdag kveld. I juni fikk han også kulturprisen i Drangedal med rockebandet «Come Taste The Band».","2013-12-13 10:27:37",NULL,"2014-03-27 18:08:48",0,1,1,1,0,"no",48.9828,NULL,0,0,29,2,181,0,0,0,4,NULL,NULL,0,0,0,0,0,"",6,6,0,0,"NA","NA","NA",0,181178,20379,"nrk_alfa",NULL,NULL,NULL,NULL,NULL
187,"http://www.nrk.no/nyheter/_-dette-er-en-spennende-dag-1.11416008","http://www.nrk.no/nyheter/1.11416008","– Dette er en spennende dag - NRK Nyheter","– Dette er en spennende dag
– Dette er en morsom og spennende dag, sier leder for Rema 1000 Ole Robert Reitan, på pressekonferansen. Coop og Rema 1000 danner nytt selskap for innkjøp, CoRe","2013-12-13 11:04:39",NULL,"2014-03-27 18:08:52",0,1,1,1,0,"no",31.7059,NULL,0,0,34,2,188,0,0,0,4,NULL,NULL,0,0,0,0,0,"",3,3,0,0,"NA","NA","NA",0,184903,24534,"nrk_alfa",NULL,NULL,NULL,NULL,NULL
188,"http://www.nrk.no/nyheter/jobber-med-a-rette-opp-feil-1.11415995","http://www.nrk.no/nyheter/1.11415995","Jobber med å rette opp feil - NRK Nyheter","Foto: Jøte Toftaker




Jobber med å rette opp feil
Over 20.000 husstander er fortsatt uten strøm i Trøndelag etter stormen. TrønderEnergi og NTE jobber nå med å rette opp feilene og studerer områdene fra helikopter.","2013-12-13 10:46:58",NULL,"2014-03-27 18:08:53",0,1,1,1,0,"nb",45.527,NULL,0,0,37,2,216,0,0,0,4,NULL,NULL,0,0,0,0,1,"",3,3,0,0,"NA","NA","NA",0,184903,24655,"nrk_alfa",NULL,NULL,NULL,NULL,NULL
189,"http://www.nrk.no/nyheter/1.11415960","http://www.nrk.no/nyheter/1.11415960","NRK Nyheter","– Dette kan svekke tilliten til politiet","2013-12-13 10:44:18",NULL,"2014-03-27 18:08:53",0,1,1,1,0,"nb",35.5714,NULL,0,1,7,1,40,0,0,0,4,NULL,NULL,0,0,0,0,1,"",3,3,0,0,"NA","NA","NA",0,184903,24257,"nrk_alfa",NULL,NULL,NULL,NULL,NULL
190,"http://www.nrk.no/nyheter/slik-avsluttes-mandelas-begravelse-1.11415778","http://www.nrk.no/nyheter/1.11415778","Slik avsluttes Mandelas begravelse - NRK Nyheter","Slik avsluttes Mandelas begravelse
Avslutningen ved graven under Nelson Mandelas begravelse vil være en privat seremoni for familien, melder AFP. Dermed må Sør-Afrika ta farvel under den offentlige seremonien tidligere søndag.","2013-12-13 10:35:55",NULL,"2014-03-27 18:08:54",0,1,1,1,0,"no",53.5,NULL,0,0,32,2,226,0,0,0,4,NULL,NULL,0,0,0,0,0,"",3,3,0,0,"NA","NA","NA",0,184903,24534,"nrk_alfa",NULL,NULL,NULL,NULL,NULL
191,"http://www.nrk.no/nyheter/eide-varsler-pressekonferanse-kl.-12.30-1.11415988","http://www.nrk.no/nyheter/1.11415988","Eide varsler pressekonferanse kl. 12.30 - NRK Nyheter","Eide varsler pressekonferanse kl. 12.30
I dag er den første gangen Eide møter French. Eide har sagt til NRK at han vil prioritere møtet høyt. Kl. 12.30 i dag vil Eide og avtroppende spesialutsending Andreas Gaarder holde en pressekonferanse.","2013-12-13 10:33:47",NULL,"2014-03-27 18:08:55",0,1,1,1,0,"no",28,NULL,0,0,40,5,241,0,0,0,4,NULL,NULL,0,0,0,0,0,"",3,3,0,0,"NA","NA","NA",0,184903,24534,"nrk_alfa",NULL,NULL,NULL,NULL,NULL
192,"http://www.nrk.no/nyheter/kai-eide-har-ankommet-fengselet-i-kongo-1.11415984","http://www.nrk.no/nyheter/1.11415984","Kai Eide har ankommet fengselet i Kongo - NRK Nyheter","Kai Eide har ankommet fengselet i Kongo
Spesialutsending Kai Eide har akkurat ankommet fengselet i Kinshasa, hvor Joshua French sitter. Fengselsdirektøren kom personlig ut og nektet norske journalister å ta bilder av ankomsten, ifølge NRKs reporter Øyvind Nyborg.","2013-12-13 10:30:16",NULL,"2014-03-27 18:08:55",0,1,1,1,0,"no",50.2692,NULL,0,0,39,2,263,0,0,0,4,NULL,NULL,0,0,0,0,0,"",3,3,0,0,"NA","NA","NA",0,184903,24534,"nrk_alfa",NULL,NULL,NULL,NULL,NULL
193,"http://www.nrk.no/nyheter/direkte_-pressekonferanse-med-rema-1000-og-coop-kl.-11-1.11415758","http://www.nrk.no/nyheter/1.11415758","DIREKTE: Pressekonferanse med Rema 1000 og Coop kl. 11 - NRK Nyheter","DIREKTE: Pressekonferanse med Rema 1000 og Coop kl. 11
Dagligvarekjedene Rema 1000 og Coop inngår innkjøpssamarbeid, dersom Konkurransetilsynet helt eller delvis godkjenner et tilsvarende samarbeid mellom Norgesgruppen og ICA. Les mer her","2013-12-13 10:27:14",NULL,"2014-03-27 18:11:04",0,1,1,1,0,"no",38.2727,NULL,0,1,33,3,238,0,0,0,5,NULL,NULL,0,1,0,0,1,"",3,3,0,0,"NA","NA","NA",0,184903,24886,"nrk_alfa",NULL,NULL,NULL,NULL,NULL
194,"http://www.nrk.no/nyheter/1.11415952","http://www.nrk.no/nyheter/1.11415952","NRK Nyheter","Siktede sendt til Sandviken sykehus","2013-12-13 10:17:52",NULL,"2014-03-27 18:11:05",0,1,1,1,0,"no",65,NULL,0,1,5,1,35,0,0,0,4,NULL,NULL,0,0,0,0,1,"",3,3,0,0,"NA","NA","NA",0,184903,24257,"nrk_alfa",NULL,NULL,NULL,NULL,NULL
195,"http://www.nrk.no/nyheter/1.11415937","http://www.nrk.no/nyheter/1.11415937","NRK Nyheter","Fengsla i fire veker etter bussran","2013-12-13 10:14:43",NULL,"2014-03-27 18:11:06",0,1,1,1,0,"no",39.3333,NULL,0,1,6,1,34,0,0,0,4,NULL,NULL,0,0,0,0,1,"",3,3,0,0,"NA","NA","NA",0,184903,24257,"nrk_alfa",NULL,NULL,NULL,NULL,NULL
196,"http://www.nrk.no/nyheter/1.11415928","http://www.nrk.no/nyheter/1.11415928","NRK Nyheter","– Køprising er det eneste som hjelper mot kø","2013-12-13 10:11:02",NULL,"2014-03-27 18:11:07",0,1,1,1,0,"no",31.2222,NULL,0,1,9,1,44,0,0,0,4,NULL,NULL,0,0,0,0,1,"",3,3,0,0,"NA","NA","NA",0,184903,24655,"nrk_alfa",NULL,NULL,NULL,NULL,NULL
197,"http://www.nrk.no/nyheter/sjeldent-sterk-snostorm-i-jerusalem-1.11415873","http://www.nrk.no/nyheter/1.11415873","Sjeldent sterk snøstorm i Jerusalem - NRK Nyheter","Sjeldent sterk snøstorm i Jerusalem
En usedvanlig kraftig snøstorm preger Jerusalem og deler av Vestbredden. Flere tusen mennesker er uten strøm, og folk blir bedt om å holde seg inne, melder Israel Radio.","2013-12-13 10:07:24",NULL,"2014-03-27 18:11:07",0,1,1,1,0,"no",43.4706,NULL,0,0,34,2,205,0,0,0,4,NULL,NULL,0,0,0,0,0,"",3,3,0,0,"NA","NA","NA",0,184903,24136,"nrk_alfa",NULL,NULL,NULL,NULL,NULL
198,"http://www.nrk.no/nyheter/1.11415856","http://www.nrk.no/nyheter/1.11415856","NRK Nyheter","Dømt for voldtekt av sovende kvinne","2013-12-13 09:51:26",NULL,"2014-03-27 18:11:08",0,1,1,1,0,"no",39.3333,NULL,0,1,6,1,35,0,0,0,4,NULL,NULL,0,0,0,0,1,"",3,3,0,0,"NA","NA","NA",0,184903,24257,"nrk_alfa",NULL,NULL,NULL,NULL,NULL
206,"http://www.nrk.no/nordland/kolonnekjoring-pa-bjornfjell-1.11415951","http://www.nrk.no/nordland/1.11415951","Kolonnekjøring på Bjørnfjell - Nordland","Kolonnekjøring på Bjørnfjell
På E10 over Bjørnfjell er det nå kolonnekjøring på grunn av uvær, melder Statens vegvesen.","2013-12-13 10:24:36",NULL,"2014-03-27 18:11:15",0,1,1,1,0,"no",50.5789,NULL,0,0,19,1,119,0,0,0,4,NULL,NULL,0,0,0,0,0,"",6,6,0,0,"NRK Nordland","NA","NA",0,181178,20186,"nrk_alfa",NULL,NULL,NULL,NULL,NULL
207,"http://www.nrk.no/nordland/gunn-ovesen-fratrer-i-innovasjon-norge-1.11415941","http://www.nrk.no/nordland/1.11415941","Gunn Ovesen fratrer i Innovasjon Norge - Nordland","Gunn Ovesen fratrer i Innovasjon Norge
Når Innovasjon Norge ved årsskiftet runder ti år, fratrer Gunn Ovesen samtidig stillingen som administrerende direktør. (NTB)","2013-12-13 10:14:42",NULL,"2014-03-27 18:11:15",0,1,1,1,0,"nb",48.5,"(NTB)",0,0,25,2,164,0,0,0,4,NULL,NULL,0,0,0,0,0,"",6,6,0,0,"NRK Nordland","NA","NA",0,181178,20186,"nrk_alfa",NULL,NULL,NULL,NULL,NULL
208,"http://www.nrk.no/nordland/coop-og-rema-vil-innlede-innkjopssamarbeid-1.11415934","http://www.nrk.no/nordland/1.11415934","Coop og Rema vil innlede innkjøpssamarbeid - Nordland","Coop og Rema vil innlede innkjøpssamarbeid
Matvarekjedene Coop og Rema 1000 er klare til å innlede et innkjøpssamarbeid som svar på en lignende avtale mellom ICA og NorgesGruppen. (NTB)","2013-12-13 10:11:36",NULL,"2014-03-27 18:11:16",0,1,1,1,0,"no",38.0806,"(NTB)",0,0,31,2,185,0,0,0,4,NULL,NULL,0,0,0,0,0,"",6,6,0,0,"NRK Nordland","NA","NA",0,181178,20186,"nrk_alfa",NULL,NULL,NULL,NULL,NULL
209,"http://www.nrk.no/nordland/ekstremvaeret-_hilde_-kostet-300-millioner-1.11415929","http://www.nrk.no/nordland/1.11415929","Ekstremværet «Hilde» kostet 300 millioner - Nordland","Ekstremværet «Hilde» kostet 300 millioner
Ekstremværet «Hilde» skadet bygninger og innbo for 300 millioner kroner, viser beregninger fra Finans Norge. Den endelige summer er ikke klar, fordi det fremdeles kommer inn nye erstatningskrav til forsikringsselskapene.","2013-12-13 10:10:22",NULL,"2014-03-27 18:11:16",0,1,1,1,0,"no",45.3158,NULL,0,0,38,2,262,0,0,0,4,NULL,NULL,0,0,0,0,0,"",6,6,0,0,"NRK Nordland","NA","NA",0,181178,20186,"nrk_alfa",NULL,NULL,NULL,NULL,NULL
210,"http://www.nrk.no/nordland/1.11415641","http://www.nrk.no/nordland/1.11415641","Nordland","Skal utvide byen med to millioner kvadratmeter","2013-12-13 10:08:30",NULL,"2014-03-27 18:11:17",0,1,1,1,0,"no",35.5714,NULL,0,1,7,1,46,0,0,0,4,NULL,NULL,0,0,0,0,1,"",6,6,0,0,"NRK Nordland","NA","NA",0,181178,20307,"nrk_alfa",NULL,NULL,NULL,NULL,NULL
211,"http://www.nrk.no/nordland/1.11415951","http://www.nrk.no/nordland/1.11415951","Kolonnekjøring på Bjørnfjell - Nordland","Kolonnekjøring på Bjørnfjell
På E10 over Bjørnfjell er det nå kolonnekjøring på grunn av uvær, melder Statens vegvesen.","2013-12-13 10:24:36",NULL,"2014-03-27 18:11:18",0,1,1,1,0,"no",50.5789,NULL,0,0,19,1,119,0,0,0,4,NULL,NULL,0,0,0,0,0,"",6,6,0,0,"NRK Nordland","NA","NA",0,181178,20186,"nrk_alfa",NULL,NULL,NULL,NULL,NULL
212,"http://www.nrk.no/nordland/1.11415941","http://www.nrk.no/nordland/1.11415941","Gunn Ovesen fratrer i Innovasjon Norge - Nordland","Gunn Ovesen fratrer i Innovasjon Norge
Når Innovasjon Norge ved årsskiftet runder ti år, fratrer Gunn Ovesen samtidig stillingen som administrerende direktør. (NTB)","2013-12-13 10:14:42",NULL,"2014-03-27 18:11:20",0,1,1,1,0,"nb",48.5,"(NTB)",0,0,25,2,164,0,0,0,4,NULL,NULL,0,0,0,0,0,"",6,6,0,0,"NRK Nordland","NA","NA",0,181178,20186,"nrk_alfa",NULL,NULL,NULL,NULL,NULL
213,"http://www.nrk.no/nordland/1.11415934","http://www.nrk.no/nordland/1.11415934","Coop og Rema vil innlede innkjøpssamarbeid - Nordland","Coop og Rema vil innlede innkjøpssamarbeid
Matvarekjedene Coop og Rema 1000 er klare til å innlede et innkjøpssamarbeid som svar på en lignende avtale mellom ICA og NorgesGruppen. (NTB)","2013-12-13 10:11:36",NULL,"2014-03-27 18:11:21",0,1,1,1,0,"no",38.0806,"(NTB)",0,0,31,2,185,0,0,0,4,NULL,NULL,0,0,0,0,0,"",6,6,0,0,"NRK Nordland","NA","NA",0,181178,20186,"nrk_alfa",NULL,NULL,NULL,NULL,NULL
214,"http://www.nrk.no/nordland/1.11415929","http://www.nrk.no/nordland/1.11415929","Ekstremværet «Hilde» kostet 300 millioner - Nordland","Ekstremværet «Hilde» kostet 300 millioner
Ekstremværet «Hilde» skadet bygninger og innbo for 300 millioner kroner, viser beregninger fra Finans Norge. Den endelige summer er ikke klar, fordi det fremdeles kommer inn nye erstatningskrav til forsikringsselskapene.","2013-12-13 10:10:22",NULL,"2014-03-27 18:11:23",0,1,1,1,0,"no",45.3158,NULL,0,0,38,2,262,0,0,0,4,NULL,NULL,0,0,0,0,0,"",6,6,0,0,"NRK Nordland","NA","NA",0,181178,20186,"nrk_alfa",NULL,NULL,NULL,NULL,NULL
